PaginaWeb,Ciudad,Operaci蚤,ProductoPaginaWeb,URL,ago25_2,sep25_1,sep25_2,oct25_1,oct25_2,nov25_1,nov25_2,dic25_1,dic25_2,ene25_1,ene25_2,feb25_1,feb25_2,mar25_1,mar25_2,abr25_1,abr25_2,may25_1,may25_2,jun25_1,jun25_2,jul25_1,jul25_2,ago25_1,ago25_2,sep25_1,sep25_2,,,,
Inmuebles24,Zapopan,venta,Bodegas comerciales,https://www.inmuebles24.com/bodegas-comerciales-en-venta-en-zapopan.html,,,,,,,,,,,,,,,,,,,,,,,,,,,,,,,
Inmuebles24,Guadalajara,venta,Bodegas comerciales,https://www.inmuebles24.com/bodegas-comerciales-en-venta-en-guadalajara.html,,,,,,,,,,,,,,,,,,,,,,,,,,,,,,,
Inmuebles24,San Pedro Tlaquepaque,venta,Bodegas comerciales,https://www.inmuebles24.com/bodegas-comerciales-en-venta-en-san-pedro-tlaquepaque.html,,,,,,,,,,,,,,,,,,,,,,,,,,,,,,,
Inmuebles24,Tonal치,venta,Bodegas comerciales,https://www.inmuebles24.com/bodegas-comerciales-en-venta-en-tonala.html,,,,,,,,,,,,,,,,,,,,,,,,,,,,,,,
Inmuebles24,Zapotlanejo,venta,Bodegas comerciales,https://www.inmuebles24.com/bodegas-comerciales-en-venta-en-zapotlanejo.html,,,,,,,,,,,,,,,,,,,,,,,,,,,,,,,
Inmuebles24,Juanacatl치n,venta,Bodegas comerciales,https://www.inmuebles24.com/bodegas-comerciales-en-venta-en-juanacatlan.html,,,,,,,,,,,,,,,,,,,,,,,,,,,,,,,
Inmuebles24,Ixtlahuac치n de los Membrillos,venta,Bodegas comerciales,https://www.inmuebles24.com/bodegas-comerciales-en-venta-en-ixtlahuacan-de-los-membrillos.html,,,,,,,,,,,,,,,,,,,,,,,,,,,,,,,
Inmuebles24,El Salto,venta,Bodegas comerciales,https://www.inmuebles24.com/bodegas-comerciales-en-venta-en-el-salto.html,,,,,,,,,,,,,,,,,,,,,,,,,,,,,,,
Inmuebles24,Tlajomulco de Zu침iga,venta,Bodegas comerciales,https://www.inmuebles24.com/bodegas-comerciales-en-venta-en-tlajomulco-de-zuniga.html,,,,,,,,,,,,,,,,,,,,,,,,,,,,,,,
Inmuebles24,Zapopan,venta,Casa en condominio,https://www.inmuebles24.com/casa-en-condominio-en-venta-en-zapopan.html,,,,,,,,,,,,,,,,,,,,,,,,,,,,,,,
Inmuebles24,Guadalajara,venta,Casa en condominio,https://www.inmuebles24.com/casa-en-condominio-en-venta-en-guadalajara.html,,,,,,,,,,,,,,,,,,,,,,,,,,,,,,,
Inmuebles24,San Pedro Tlaquepaque,venta,Casa en condominio,https://www.inmuebles24.com/casa-en-condominio-en-venta-en-san-pedro-tlaquepaque.html,,,,,,,,,,,,,,,,,,,,,,,,,,,,,,,
Inmuebles24,Tonal치,venta,Casa en condominio,https://www.inmuebles24.com/casa-en-condominio-en-venta-en-tonala.html,,,,,,,,,,,,,,,,,,,,,,,,,,,,,,,
Inmuebles24,Zapotlanejo,venta,Casa en condominio,https://www.inmuebles24.com/casa-en-condominio-en-venta-en-zapotlanejo.html,,,,,,,,,,,,,,,,,,,,,,,,,,,,,,,
Inmuebles24,Juanacatl치n,venta,Casa en condominio,https://www.inmuebles24.com/casa-en-condominio-en-venta-en-juanacatlan.html,,,,,,,,,,,,,,,,,,,,,,,,,,,,,,,
Inmuebles24,Ixtlahuac치n de los Membrillos,venta,Casa en condominio,https://www.inmuebles24.com/casa-en-condominio-en-venta-en-ixtlahuacan-de-los-membrillos.html,,,,,,,,,,,,,,,,,,,,,,,,,,,,,,,
Inmuebles24,El Salto,venta,Casa en condominio,https://www.inmuebles24.com/casa-en-condominio-en-venta-en-el-salto.html,,,,,,,,,,,,,,,,,,,,,,,,,,,,,,,
Inmuebles24,Tlajomulco de Zu침iga,venta,Casa en condominio,https://www.inmuebles24.com/casa-en-condominio-en-venta-en-tlajomulco-de-zuniga.html,,,,,,,,,,,,,,,,,,,,,,,,,,,,,,,
Inmuebles24,Zapopan,venta,Casa uso de suelo,https://www.inmuebles24.com/casa-uso-de-suelo-en-venta-en-zapopan.html,,,,,,,,,,,,,,,,,,,,,,,,,,,,,,,
Inmuebles24,Guadalajara,venta,Casa uso de suelo,https://www.inmuebles24.com/casa-uso-de-suelo-en-venta-en-guadalajara.html,,,,,,,,,,,,,,,,,,,,,,,,,,,,,,,
Inmuebles24,San Pedro Tlaquepaque,venta,Casa uso de suelo,https://www.inmuebles24.com/casa-uso-de-suelo-en-venta-en-san-pedro-tlaquepaque.html,,,,,,,,,,,,,,,,,,,,,,,,,,,,,,,
Inmuebles24,Tonal치,venta,Casa uso de suelo,https://www.inmuebles24.com/casa-uso-de-suelo-en-venta-en-tonala.html,,,,,,,,,,,,,,,,,,,,,,,,,,,,,,,
Inmuebles24,Zapotlanejo,venta,Casa uso de suelo,https://www.inmuebles24.com/casa-uso-de-suelo-en-venta-en-zapotlanejo.html,,,,,,,,,,,,,,,,,,,,,,,,,,,,,,,
Inmuebles24,Juanacatl치n,venta,Casa uso de suelo,https://www.inmuebles24.com/casa-uso-de-suelo-en-venta-en-juanacatlan.html,,,,,,,,,,,,,,,,,,,,,,,,,,,,,,,
Inmuebles24,Ixtlahuac치n de los Membrillos,venta,Casa uso de suelo,https://www.inmuebles24.com/casa-uso-de-suelo-en-venta-en-ixtlahuacan-de-los-membrillos.html,,,,,,,,,,,,,,,,,,,,,,,,,,,,,,,
Inmuebles24,El Salto,venta,Casa uso de suelo,https://www.inmuebles24.com/casa-uso-de-suelo-en-venta-en-el-salto.html,,,,,,,,,,,,,,,,,,,,,,,,,,,,,,,
Inmuebles24,Tlajomulco de Zu침iga,venta,Casa uso de suelo,https://www.inmuebles24.com/casa-uso-de-suelo-en-venta-en-tlajomulco-de-zuniga.html,,,,,,,,,,,,,,,,,,,,,,,,,,,,,,,
Inmuebles24,Zapopan,venta,Casas,https://www.inmuebles24.com/casas-en-venta-en-zapopan.html,,,,,,,,,,,,,,,,,,,,,,,,,,,,,,,
Inmuebles24,Guadalajara,venta,Casas,https://www.inmuebles24.com/casas-en-venta-en-guadalajara.html,,,,,,,,,,,,,,,,,,,,,,,,,,,,,,,
Inmuebles24,San Pedro Tlaquepaque,venta,Casas,https://www.inmuebles24.com/casas-en-venta-en-san-pedro-tlaquepaque.html,,,,,,,,,,,,,,,,,,,,,,,,,,,,,,,
Inmuebles24,Tonal치,venta,Casas,https://www.inmuebles24.com/casas-en-venta-en-tonala.html,,,,,,,,,,,,,,,,,,,,,,,,,,,,,,,
Inmuebles24,Zapotlanejo,venta,Casas,https://www.inmuebles24.com/casas-en-venta-en-zapotlanejo.html,,,,,,,,,,,,,,,,,,,,,,,,,,,,,,,
Inmuebles24,Juanacatl치n,venta,Casas,https://www.inmuebles24.com/casas-en-venta-en-juanacatlan.html,,,,,,,,,,,,,,,,,,,,,,,,,,,,,,,
Inmuebles24,Ixtlahuac치n de los Membrillos,venta,Casas,https://www.inmuebles24.com/casas-en-venta-en-ixtlahuacan-de-los-membrillos.html,,,,,,,,,,,,,,,,,,,,,,,,,,,,,,,
Inmuebles24,El Salto,venta,Casas,https://www.inmuebles24.com/casas-en-venta-en-el-salto.html,,,,,,,,,,,,,,,,,,,,,,,,,,,,,,,
Inmuebles24,Tlajomulco de Zu침iga,venta,Casas,https://www.inmuebles24.com/casas-en-venta-en-tlajomulco-de-zuniga.html,,,,,,,,,,,,,,,,,,,,,,,,,,,,,,,
Inmuebles24,Zapopan,venta,D칰plex,https://www.inmuebles24.com/duplex-en-venta-en-zapopan.html,,,,,,,,,,,,,,,,,,,,,,,,,,,,,,,
Inmuebles24,Guadalajara,venta,D칰plex,https://www.inmuebles24.com/duplex-en-venta-en-guadalajara.html,,,,,,,,,,,,,,,,,,,,,,,,,,,,,,,
Inmuebles24,San Pedro Tlaquepaque,venta,D칰plex,https://www.inmuebles24.com/duplex-en-venta-en-san-pedro-tlaquepaque.html,,,,,,,,,,,,,,,,,,,,,,,,,,,,,,,
Inmuebles24,Tonal치,venta,D칰plex,https://www.inmuebles24.com/duplex-en-venta-en-tonala.html,,,,,,,,,,,,,,,,,,,,,,,,,,,,,,,
Inmuebles24,Zapotlanejo,venta,D칰plex,https://www.inmuebles24.com/duplex-en-venta-en-zapotlanejo.html,,,,,,,,,,,,,,,,,,,,,,,,,,,,,,,
Inmuebles24,Juanacatl치n,venta,D칰plex,https://www.inmuebles24.com/duplex-en-venta-en-juanacatlan.html,,,,,,,,,,,,,,,,,,,,,,,,,,,,,,,
Inmuebles24,Ixtlahuac치n de los Membrillos,venta,D칰plex,https://www.inmuebles24.com/duplex-en-venta-en-ixtlahuacan-de-los-membrillos.html,,,,,,,,,,,,,,,,,,,,,,,,,,,,,,,
Inmuebles24,El Salto,venta,D칰plex,https://www.inmuebles24.com/duplex-en-venta-en-el-salto.html,,,,,,,,,,,,,,,,,,,,,,,,,,,,,,,
Inmuebles24,Tlajomulco de Zu침iga,venta,D칰plex,https://www.inmuebles24.com/duplex-en-venta-en-tlajomulco-de-zuniga.html,,,,,,,,,,,,,,,,,,,,,,,,,,,,,,,
Inmuebles24,Zapopan,venta,Departamento compartido,https://www.inmuebles24.com/departamento-compartido-en-venta-en-zapopan.html,,,,,,,,,,,,,,,,,,,,,,,,,,,,,,,
Inmuebles24,Guadalajara,venta,Departamento compartido,https://www.inmuebles24.com/departamento-compartido-en-venta-en-guadalajara.html,,,,,,,,,,,,,,,,,,,,,,,,,,,,,,,
Inmuebles24,San Pedro Tlaquepaque,venta,Departamento compartido,https://www.inmuebles24.com/departamento-compartido-en-venta-en-san-pedro-tlaquepaque.html,,,,,,,,,,,,,,,,,,,,,,,,,,,,,,,
Inmuebles24,Tonal치,venta,Departamento compartido,https://www.inmuebles24.com/departamento-compartido-en-venta-en-tonala.html,,,,,,,,,,,,,,,,,,,,,,,,,,,,,,,
Inmuebles24,Zapotlanejo,venta,Departamento compartido,https://www.inmuebles24.com/departamento-compartido-en-venta-en-zapotlanejo.html,,,,,,,,,,,,,,,,,,,,,,,,,,,,,,,
Inmuebles24,Juanacatl치n,venta,Departamento compartido,https://www.inmuebles24.com/departamento-compartido-en-venta-en-juanacatlan.html,,,,,,,,,,,,,,,,,,,,,,,,,,,,,,,
Inmuebles24,Ixtlahuac치n de los Membrillos,venta,Departamento compartido,https://www.inmuebles24.com/departamento-compartido-en-venta-en-ixtlahuacan-de-los-membrillos.html,,,,,,,,,,,,,,,,,,,,,,,,,,,,,,,
Inmuebles24,El Salto,venta,Departamento compartido,https://www.inmuebles24.com/departamento-compartido-en-venta-en-el-salto.html,,,,,,,,,,,,,,,,,,,,,,,,,,,,,,,
Inmuebles24,Tlajomulco de Zu침iga,venta,Departamento compartido,https://www.inmuebles24.com/departamento-compartido-en-venta-en-tlajomulco-de-zuniga.html,,,,,,,,,,,,,,,,,,,,,,,,,,,,,,,
Inmuebles24,Zapopan,venta,Departamentos,https://www.inmuebles24.com/departamentos-en-venta-en-zapopan.html,,,,,,,,,,,,,,,,,,,,,,,,,,,,,,,
Inmuebles24,Guadalajara,venta,Departamentos,https://www.inmuebles24.com/departamentos-en-venta-en-guadalajara.html,,,,,,,,,,,,,,,,,,,,,,,,,,,,,,,
Inmuebles24,San Pedro Tlaquepaque,venta,Departamentos,https://www.inmuebles24.com/departamentos-en-venta-en-san-pedro-tlaquepaque.html,,,,,,,,,,,,,,,,,,,,,,,,,,,,,,,
Inmuebles24,Tonal치,venta,Departamentos,https://www.inmuebles24.com/departamentos-en-venta-en-tonala.html,,,,,,,,,,,,,,,,,,,,,,,,,,,,,,,
Inmuebles24,Zapotlanejo,venta,Departamentos,https://www.inmuebles24.com/departamentos-en-venta-en-zapotlanejo.html,,,,,,,,,,,,,,,,,,,,,,,,,,,,,,,
Inmuebles24,Juanacatl치n,venta,Departamentos,https://www.inmuebles24.com/departamentos-en-venta-en-juanacatlan.html,,,,,,,,,,,,,,,,,,,,,,,,,,,,,,,
Inmuebles24,Ixtlahuac치n de los Membrillos,venta,Departamentos,https://www.inmuebles24.com/departamentos-en-venta-en-ixtlahuacan-de-los-membrillos.html,,,,,,,,,,,,,,,,,,,,,,,,,,,,,,,
Inmuebles24,El Salto,venta,Departamentos,https://www.inmuebles24.com/departamentos-en-venta-en-el-salto.html,,,,,,,,,,,,,,,,,,,,,,,,,,,,,,,
Inmuebles24,Tlajomulco de Zu침iga,venta,Departamentos,https://www.inmuebles24.com/departamentos-en-venta-en-tlajomulco-de-zuniga.html,,,,,,,,,,,,,,,,,,,,,,,,,,,,,,,
Inmuebles24,Zapopan,venta-d,Desarrollo horizontal,https://www.inmuebles24.com/desarrollo-horizontal-en-venta-en-zapopan.html,,,,,,,,,,,,,,,,,,,,,,,,,,,,,,,
Inmuebles24,Guadalajara,venta-d,Desarrollo horizontal,https://www.inmuebles24.com/desarrollo-horizontal-en-venta-en-guadalajara.html,,,,,,,,,,,,,,,,,,,,,,,,,,,,,,,
Inmuebles24,San Pedro Tlaquepaque,venta-d,Desarrollo horizontal,https://www.inmuebles24.com/desarrollo-horizontal-en-venta-en-san-pedro-tlaquepaque.html,,,,,,,,,,,,,,,,,,,,,,,,,,,,,,,
Inmuebles24,Tonal치,venta-d,Desarrollo horizontal,https://www.inmuebles24.com/desarrollo-horizontal-en-venta-en-tonala.html,,,,,,,,,,,,,,,,,,,,,,,,,,,,,,,
Inmuebles24,Zapotlanejo,venta-d,Desarrollo horizontal,https://www.inmuebles24.com/desarrollo-horizontal-en-venta-en-zapotlanejo.html,,,,,,,,,,,,,,,,,,,,,,,,,,,,,,,
Inmuebles24,Juanacatl치n,venta-d,Desarrollo horizontal,https://www.inmuebles24.com/desarrollo-horizontal-en-venta-en-juanacatlan.html,,,,,,,,,,,,,,,,,,,,,,,,,,,,,,,
Inmuebles24,Ixtlahuac치n de los Membrillos,venta-d,Desarrollo horizontal,https://www.inmuebles24.com/desarrollo-horizontal-en-venta-en-ixtlahuacan-de-los-membrillos.html,,,,,,,,,,,,,,,,,,,,,,,,,,,,,,,
Inmuebles24,El Salto,venta-d,Desarrollo horizontal,https://www.inmuebles24.com/desarrollo-horizontal-en-venta-en-el-salto.html,,,,,,,,,,,,,,,,,,,,,,,,,,,,,,,
Inmuebles24,Tlajomulco de Zu침iga,venta-d,Desarrollo horizontal,https://www.inmuebles24.com/desarrollo-horizontal-en-venta-en-tlajomulco-de-zuniga.html,,,,,,,,,,,,,,,,,,,,,,,,,,,,,,,
Inmuebles24,Zapopan,venta-d,Desarrollo horizontal/vertical,https://www.inmuebles24.com/desarrollo-horizontal-vertical-en-venta-en-zapopan.html,,,,,,,,,,,,,,,,,,,,,,,,,,,,,,,
Inmuebles24,Guadalajara,venta-d,Desarrollo horizontal/vertical,https://www.inmuebles24.com/desarrollo-horizontal-vertical-en-venta-en-guadalajara.html,,,,,,,,,,,,,,,,,,,,,,,,,,,,,,,
Inmuebles24,San Pedro Tlaquepaque,venta-d,Desarrollo horizontal/vertical,https://www.inmuebles24.com/desarrollo-horizontal-vertical-en-venta-en-san-pedro-tlaquepaque.html,,,,,,,,,,,,,,,,,,,,,,,,,,,,,,,
Inmuebles24,Tonal치,venta-d,Desarrollo horizontal/vertical,https://www.inmuebles24.com/desarrollo-horizontal-vertical-en-venta-en-tonala.html,,,,,,,,,,,,,,,,,,,,,,,,,,,,,,,
Inmuebles24,Zapotlanejo,venta-d,Desarrollo horizontal/vertical,https://www.inmuebles24.com/desarrollo-horizontal-vertical-en-venta-en-zapotlanejo.html,,,,,,,,,,,,,,,,,,,,,,,,,,,,,,,
Inmuebles24,Juanacatl치n,venta-d,Desarrollo horizontal/vertical,https://www.inmuebles24.com/desarrollo-horizontal-vertical-en-venta-en-juanacatlan.html,,,,,,,,,,,,,,,,,,,,,,,,,,,,,,,
Inmuebles24,Ixtlahuac치n de los Membrillos,venta-d,Desarrollo horizontal/vertical,https://www.inmuebles24.com/desarrollo-horizontal-vertical-en-venta-en-ixtlahuacan-de-los-membrillos.html,,,,,,,,,,,,,,,,,,,,,,,,,,,,,,,
Inmuebles24,El Salto,venta-d,Desarrollo horizontal/vertical,https://www.inmuebles24.com/desarrollo-horizontal-vertical-en-venta-en-el-salto.html,,,,,,,,,,,,,,,,,,,,,,,,,,,,,,,
Inmuebles24,Tlajomulco de Zu침iga,venta-d,Desarrollo horizontal/vertical,https://www.inmuebles24.com/desarrollo-horizontal-vertical-en-venta-en-tlajomulco-de-zuniga.html,,,,,,,,,,,,,,,,,,,,,,,,,,,,,,,
Inmuebles24,Zapopan,venta-d,Desarrollo vertical,https://www.inmuebles24.com/desarrollo-vertical-en-venta-en-zapopan.html,,,,,,,,,,,,,,,,,,,,,,,,,,,,,,,
Inmuebles24,Guadalajara,venta-d,Desarrollo vertical,https://www.inmuebles24.com/desarrollo-vertical-en-venta-en-guadalajara.html,,,,,,,,,,,,,,,,,,,,,,,,,,,,,,,
Inmuebles24,San Pedro Tlaquepaque,venta-d,Desarrollo vertical,https://www.inmuebles24.com/desarrollo-vertical-en-venta-en-san-pedro-tlaquepaque.html,,,,,,,,,,,,,,,,,,,,,,,,,,,,,,,
Inmuebles24,Tonal치,venta-d,Desarrollo vertical,https://www.inmuebles24.com/desarrollo-vertical-en-venta-en-tonala.html,,,,,,,,,,,,,,,,,,,,,,,,,,,,,,,
Inmuebles24,Zapotlanejo,venta-d,Desarrollo vertical,https://www.inmuebles24.com/desarrollo-vertical-en-venta-en-zapotlanejo.html,,,,,,,,,,,,,,,,,,,,,,,,,,,,,,,
Inmuebles24,Juanacatl치n,venta-d,Desarrollo vertical,https://www.inmuebles24.com/desarrollo-vertical-en-venta-en-juanacatlan.html,,,,,,,,,,,,,,,,,,,,,,,,,,,,,,,
Inmuebles24,Ixtlahuac치n de los Membrillos,venta-d,Desarrollo vertical,https://www.inmuebles24.com/desarrollo-vertical-en-venta-en-ixtlahuacan-de-los-membrillos.html,,,,,,,,,,,,,,,,,,,,,,,,,,,,,,,
Inmuebles24,El Salto,venta-d,Desarrollo vertical,https://www.inmuebles24.com/desarrollo-vertical-en-venta-en-el-salto.html,,,,,,,,,,,,,,,,,,,,,,,,,,,,,,,
Inmuebles24,Tlajomulco de Zu침iga,venta-d,Desarrollo vertical,https://www.inmuebles24.com/desarrollo-vertical-en-venta-en-tlajomulco-de-zuniga.html,,,,,,,,,,,,,,,,,,,,,,,,,,,,,,,
Inmuebles24,Zapopan,venta,Edificio,https://www.inmuebles24.com/edificio-en-venta-en-zapopan.html,,,,,,,,,,,,,,,,,,,,,,,,,,,,,,,
Inmuebles24,Guadalajara,venta,Edificio,https://www.inmuebles24.com/edificio-en-venta-en-guadalajara.html,,,,,,,,,,,,,,,,,,,,,,,,,,,,,,,
Inmuebles24,San Pedro Tlaquepaque,venta,Edificio,https://www.inmuebles24.com/edificio-en-venta-en-san-pedro-tlaquepaque.html,,,,,,,,,,,,,,,,,,,,,,,,,,,,,,,
Inmuebles24,Tonal치,venta,Edificio,https://www.inmuebles24.com/edificio-en-venta-en-tonala.html,,,,,,,,,,,,,,,,,,,,,,,,,,,,,,,
Inmuebles24,Zapotlanejo,venta,Edificio,https://www.inmuebles24.com/edificio-en-venta-en-zapotlanejo.html,,,,,,,,,,,,,,,,,,,,,,,,,,,,,,,
Inmuebles24,Juanacatl치n,venta,Edificio,https://www.inmuebles24.com/edificio-en-venta-en-juanacatlan.html,,,,,,,,,,,,,,,,,,,,,,,,,,,,,,,
Inmuebles24,Ixtlahuac치n de los Membrillos,venta,Edificio,https://www.inmuebles24.com/edificio-en-venta-en-ixtlahuacan-de-los-membrillos.html,,,,,,,,,,,,,,,,,,,,,,,,,,,,,,,
Inmuebles24,El Salto,venta,Edificio,https://www.inmuebles24.com/edificio-en-venta-en-el-salto.html,,,,,,,,,,,,,,,,,,,,,,,,,,,,,,,
Inmuebles24,Tlajomulco de Zu침iga,venta,Edificio,https://www.inmuebles24.com/edificio-en-venta-en-tlajomulco-de-zuniga.html,,,,,,,,,,,,,,,,,,,,,,,,,,,,,,,
Inmuebles24,Zapopan,venta,Huerta,https://www.inmuebles24.com/huerta-en-venta-en-zapopan.html,,,,,,,,,,,,,,,,,,,,,,,,,,,,,,,
Inmuebles24,Guadalajara,venta,Huerta,https://www.inmuebles24.com/huerta-en-venta-en-guadalajara.html,,,,,,,,,,,,,,,,,,,,,,,,,,,,,,,
Inmuebles24,San Pedro Tlaquepaque,venta,Huerta,https://www.inmuebles24.com/huerta-en-venta-en-san-pedro-tlaquepaque.html,,,,,,,,,,,,,,,,,,,,,,,,,,,,,,,
Inmuebles24,Tonal치,venta,Huerta,https://www.inmuebles24.com/huerta-en-venta-en-tonala.html,,,,,,,,,,,,,,,,,,,,,,,,,,,,,,,
Inmuebles24,Zapotlanejo,venta,Huerta,https://www.inmuebles24.com/huerta-en-venta-en-zapotlanejo.html,,,,,,,,,,,,,,,,,,,,,,,,,,,,,,,
Inmuebles24,Juanacatl치n,venta,Huerta,https://www.inmuebles24.com/huerta-en-venta-en-juanacatlan.html,,,,,,,,,,,,,,,,,,,,,,,,,,,,,,,
Inmuebles24,Ixtlahuac치n de los Membrillos,venta,Huerta,https://www.inmuebles24.com/huerta-en-venta-en-ixtlahuacan-de-los-membrillos.html,,,,,,,,,,,,,,,,,,,,,,,,,,,,,,,
Inmuebles24,El Salto,venta,Huerta,https://www.inmuebles24.com/huerta-en-venta-en-el-salto.html,,,,,,,,,,,,,,,,,,,,,,,,,,,,,,,
Inmuebles24,Tlajomulco de Zu침iga,venta,Huerta,https://www.inmuebles24.com/huerta-en-venta-en-tlajomulco-de-zuniga.html,,,,,,,,,,,,,,,,,,,,,,,,,,,,,,,
Inmuebles24,Zapopan,venta,Inmueble productivo urbano,https://www.inmuebles24.com/inmueble-productivo-urbano-en-venta-en-zapopan.html,,,,,,,,,,,,,,,,,,,,,,,,,,,,,,,
Inmuebles24,Guadalajara,venta,Inmueble productivo urbano,https://www.inmuebles24.com/inmueble-productivo-urbano-en-venta-en-guadalajara.html,,,,,,,,,,,,,,,,,,,,,,,,,,,,,,,
Inmuebles24,San Pedro Tlaquepaque,venta,Inmueble productivo urbano,https://www.inmuebles24.com/inmueble-productivo-urbano-en-venta-en-san-pedro-tlaquepaque.html,,,,,,,,,,,,,,,,,,,,,,,,,,,,,,,
Inmuebles24,Tonal치,venta,Inmueble productivo urbano,https://www.inmuebles24.com/inmueble-productivo-urbano-en-venta-en-tonala.html,,,,,,,,,,,,,,,,,,,,,,,,,,,,,,,
Inmuebles24,Zapotlanejo,venta,Inmueble productivo urbano,https://www.inmuebles24.com/inmueble-productivo-urbano-en-venta-en-zapotlanejo.html,,,,,,,,,,,,,,,,,,,,,,,,,,,,,,,
Inmuebles24,Juanacatl치n,venta,Inmueble productivo urbano,https://www.inmuebles24.com/inmueble-productivo-urbano-en-venta-en-juanacatlan.html,,,,,,,,,,,,,,,,,,,,,,,,,,,,,,,
Inmuebles24,Ixtlahuac치n de los Membrillos,venta,Inmueble productivo urbano,https://www.inmuebles24.com/inmueble-productivo-urbano-en-venta-en-ixtlahuacan-de-los-membrillos.html,,,,,,,,,,,,,,,,,,,,,,,,,,,,,,,
Inmuebles24,El Salto,venta,Inmueble productivo urbano,https://www.inmuebles24.com/inmueble-productivo-urbano-en-venta-en-el-salto.html,,,,,,,,,,,,,,,,,,,,,,,,,,,,,,,
Inmuebles24,Tlajomulco de Zu침iga,venta,Inmueble productivo urbano,https://www.inmuebles24.com/inmueble-productivo-urbano-en-venta-en-tlajomulco-de-zuniga.html,,,,,,,,,,,,,,,,,,,,,,,,,,,,,,,
Inmuebles24,Zapopan,venta,Local en centro comercial,https://www.inmuebles24.com/local-en-centro-comercial-en-venta-en-zapopan.html,,,,,,,,,,,,,,,,,,,,,,,,,,,,,,,
Inmuebles24,Guadalajara,venta,Local en centro comercial,https://www.inmuebles24.com/local-en-centro-comercial-en-venta-en-guadalajara.html,,,,,,,,,,,,,,,,,,,,,,,,,,,,,,,
Inmuebles24,San Pedro Tlaquepaque,venta,Local en centro comercial,https://www.inmuebles24.com/local-en-centro-comercial-en-venta-en-san-pedro-tlaquepaque.html,,,,,,,,,,,,,,,,,,,,,,,,,,,,,,,
Inmuebles24,Tonal치,venta,Local en centro comercial,https://www.inmuebles24.com/local-en-centro-comercial-en-venta-en-tonala.html,,,,,,,,,,,,,,,,,,,,,,,,,,,,,,,
Inmuebles24,Zapotlanejo,venta,Local en centro comercial,https://www.inmuebles24.com/local-en-centro-comercial-en-venta-en-zapotlanejo.html,,,,,,,,,,,,,,,,,,,,,,,,,,,,,,,
Inmuebles24,Juanacatl치n,venta,Local en centro comercial,https://www.inmuebles24.com/local-en-centro-comercial-en-venta-en-juanacatlan.html,,,,,,,,,,,,,,,,,,,,,,,,,,,,,,,
Inmuebles24,Ixtlahuac치n de los Membrillos,venta,Local en centro comercial,https://www.inmuebles24.com/local-en-centro-comercial-en-venta-en-ixtlahuacan-de-los-membrillos.html,,,,,,,,,,,,,,,,,,,,,,,,,,,,,,,
Inmuebles24,El Salto,venta,Local en centro comercial,https://www.inmuebles24.com/local-en-centro-comercial-en-venta-en-el-salto.html,,,,,,,,,,,,,,,,,,,,,,,,,,,,,,,
Inmuebles24,Tlajomulco de Zu침iga,venta,Local en centro comercial,https://www.inmuebles24.com/local-en-centro-comercial-en-venta-en-tlajomulco-de-zuniga.html,,,,,,,,,,,,,,,,,,,,,,,,,,,,,,,
Inmuebles24,Zapopan,venta,Locales comerciales,https://www.inmuebles24.com/locales-comerciales-en-venta-en-zapopan.html,,,,,,,,,,,,,,,,,,,,,,,,,,,,,,,
Inmuebles24,Guadalajara,venta,Locales comerciales,https://www.inmuebles24.com/locales-comerciales-en-venta-en-guadalajara.html,,,,,,,,,,,,,,,,,,,,,,,,,,,,,,,
Inmuebles24,San Pedro Tlaquepaque,venta,Locales comerciales,https://www.inmuebles24.com/locales-comerciales-en-venta-en-san-pedro-tlaquepaque.html,,,,,,,,,,,,,,,,,,,,,,,,,,,,,,,
Inmuebles24,Tonal치,venta,Locales comerciales,https://www.inmuebles24.com/locales-comerciales-en-venta-en-tonala.html,,,,,,,,,,,,,,,,,,,,,,,,,,,,,,,
Inmuebles24,Zapotlanejo,venta,Locales comerciales,https://www.inmuebles24.com/locales-comerciales-en-venta-en-zapotlanejo.html,,,,,,,,,,,,,,,,,,,,,,,,,,,,,,,
Inmuebles24,Juanacatl치n,venta,Locales comerciales,https://www.inmuebles24.com/locales-comerciales-en-venta-en-juanacatlan.html,,,,,,,,,,,,,,,,,,,,,,,,,,,,,,,
Inmuebles24,Ixtlahuac치n de los Membrillos,venta,Locales comerciales,https://www.inmuebles24.com/locales-comerciales-en-venta-en-ixtlahuacan-de-los-membrillos.html,,,,,,,,,,,,,,,,,,,,,,,,,,,,,,,
Inmuebles24,El Salto,venta,Locales comerciales,https://www.inmuebles24.com/locales-comerciales-en-venta-en-el-salto.html,,,,,,,,,,,,,,,,,,,,,,,,,,,,,,,
Inmuebles24,Tlajomulco de Zu침iga,venta,Locales comerciales,https://www.inmuebles24.com/locales-comerciales-en-venta-en-tlajomulco-de-zuniga.html,,,,,,,,,,,,,,,,,,,,,,,,,,,,,,,
Inmuebles24,Zapopan,venta,Nave industrial,https://www.inmuebles24.com/nave-industrial-en-venta-en-zapopan.html,,,,,,,,,,,,,,,,,,,,,,,,,,,,,,,
Inmuebles24,Guadalajara,venta,Nave industrial,https://www.inmuebles24.com/nave-industrial-en-venta-en-guadalajara.html,,,,,,,,,,,,,,,,,,,,,,,,,,,,,,,
Inmuebles24,San Pedro Tlaquepaque,venta,Nave industrial,https://www.inmuebles24.com/nave-industrial-en-venta-en-san-pedro-tlaquepaque.html,,,,,,,,,,,,,,,,,,,,,,,,,,,,,,,
Inmuebles24,Tonal치,venta,Nave industrial,https://www.inmuebles24.com/nave-industrial-en-venta-en-tonala.html,,,,,,,,,,,,,,,,,,,,,,,,,,,,,,,
Inmuebles24,Zapotlanejo,venta,Nave industrial,https://www.inmuebles24.com/nave-industrial-en-venta-en-zapotlanejo.html,,,,,,,,,,,,,,,,,,,,,,,,,,,,,,,
Inmuebles24,Juanacatl치n,venta,Nave industrial,https://www.inmuebles24.com/nave-industrial-en-venta-en-juanacatlan.html,,,,,,,,,,,,,,,,,,,,,,,,,,,,,,,
Inmuebles24,Ixtlahuac치n de los Membrillos,venta,Nave industrial,https://www.inmuebles24.com/nave-industrial-en-venta-en-ixtlahuacan-de-los-membrillos.html,,,,,,,,,,,,,,,,,,,,,,,,,,,,,,,
Inmuebles24,El Salto,venta,Nave industrial,https://www.inmuebles24.com/nave-industrial-en-venta-en-el-salto.html,,,,,,,,,,,,,,,,,,,,,,,,,,,,,,,
Inmuebles24,Tlajomulco de Zu침iga,venta,Nave industrial,https://www.inmuebles24.com/nave-industrial-en-venta-en-tlajomulco-de-zuniga.html,,,,,,,,,,,,,,,,,,,,,,,,,,,,,,,
Inmuebles24,Zapopan,venta,Oficinas,https://www.inmuebles24.com/oficinas-en-venta-en-zapopan.html,,,,,,,,,,,,,,,,,,,,,,,,,,,,,,,
Inmuebles24,Guadalajara,venta,Oficinas,https://www.inmuebles24.com/oficinas-en-venta-en-guadalajara.html,,,,,,,,,,,,,,,,,,,,,,,,,,,,,,,
Inmuebles24,San Pedro Tlaquepaque,venta,Oficinas,https://www.inmuebles24.com/oficinas-en-venta-en-san-pedro-tlaquepaque.html,,,,,,,,,,,,,,,,,,,,,,,,,,,,,,,
Inmuebles24,Tonal치,venta,Oficinas,https://www.inmuebles24.com/oficinas-en-venta-en-tonala.html,,,,,,,,,,,,,,,,,,,,,,,,,,,,,,,
Inmuebles24,Zapotlanejo,venta,Oficinas,https://www.inmuebles24.com/oficinas-en-venta-en-zapotlanejo.html,,,,,,,,,,,,,,,,,,,,,,,,,,,,,,,
Inmuebles24,Juanacatl치n,venta,Oficinas,https://www.inmuebles24.com/oficinas-en-venta-en-juanacatlan.html,,,,,,,,,,,,,,,,,,,,,,,,,,,,,,,
Inmuebles24,Ixtlahuac치n de los Membrillos,venta,Oficinas,https://www.inmuebles24.com/oficinas-en-venta-en-ixtlahuacan-de-los-membrillos.html,,,,,,,,,,,,,,,,,,,,,,,,,,,,,,,
Inmuebles24,El Salto,venta,Oficinas,https://www.inmuebles24.com/oficinas-en-venta-en-el-salto.html,,,,,,,,,,,,,,,,,,,,,,,,,,,,,,,
Inmuebles24,Tlajomulco de Zu침iga,venta,Oficinas,https://www.inmuebles24.com/oficinas-en-venta-en-tlajomulco-de-zuniga.html,,,,,,,,,,,,,,,,,,,,,,,,,,,,,,,
Inmuebles24,Zapopan,venta,Quinta,https://www.inmuebles24.com/quinta-en-venta-en-zapopan.html,,,,,,,,,,,,,,,,,,,,,,,,,,,,,,,
Inmuebles24,Guadalajara,venta,Quinta,https://www.inmuebles24.com/quinta-en-venta-en-guadalajara.html,,,,,,,,,,,,,,,,,,,,,,,,,,,,,,,
Inmuebles24,San Pedro Tlaquepaque,venta,Quinta,https://www.inmuebles24.com/quinta-en-venta-en-san-pedro-tlaquepaque.html,,,,,,,,,,,,,,,,,,,,,,,,,,,,,,,
Inmuebles24,Tonal치,venta,Quinta,https://www.inmuebles24.com/quinta-en-venta-en-tonala.html,,,,,,,,,,,,,,,,,,,,,,,,,,,,,,,
Inmuebles24,Zapotlanejo,venta,Quinta,https://www.inmuebles24.com/quinta-en-venta-en-zapotlanejo.html,,,,,,,,,,,,,,,,,,,,,,,,,,,,,,,
Inmuebles24,Juanacatl치n,venta,Quinta,https://www.inmuebles24.com/quinta-en-venta-en-juanacatlan.html,,,,,,,,,,,,,,,,,,,,,,,,,,,,,,,
Inmuebles24,Ixtlahuac치n de los Membrillos,venta,Quinta,https://www.inmuebles24.com/quinta-en-venta-en-ixtlahuacan-de-los-membrillos.html,,,,,,,,,,,,,,,,,,,,,,,,,,,,,,,
Inmuebles24,El Salto,venta,Quinta,https://www.inmuebles24.com/quinta-en-venta-en-el-salto.html,,,,,,,,,,,,,,,,,,,,,,,,,,,,,,,
Inmuebles24,Tlajomulco de Zu침iga,venta,Quinta,https://www.inmuebles24.com/quinta-en-venta-en-tlajomulco-de-zuniga.html,,,,,,,,,,,,,,,,,,,,,,,,,,,,,,,
Inmuebles24,Zapopan,venta,Terreno comercial,https://www.inmuebles24.com/terreno-comercial-en-venta-en-zapopan.html,,,,,,,,,,,,,,,,,,,,,,,,,,,,,,,
Inmuebles24,Guadalajara,venta,Terreno comercial,https://www.inmuebles24.com/terreno-comercial-en-venta-en-guadalajara.html,,,,,,,,,,,,,,,,,,,,,,,,,,,,,,,
Inmuebles24,San Pedro Tlaquepaque,venta,Terreno comercial,https://www.inmuebles24.com/terreno-comercial-en-venta-en-san-pedro-tlaquepaque.html,,,,,,,,,,,,,,,,,,,,,,,,,,,,,,,
Inmuebles24,Tonal치,venta,Terreno comercial,https://www.inmuebles24.com/terreno-comercial-en-venta-en-tonala.html,,,,,,,,,,,,,,,,,,,,,,,,,,,,,,,
Inmuebles24,Zapotlanejo,venta,Terreno comercial,https://www.inmuebles24.com/terreno-comercial-en-venta-en-zapotlanejo.html,,,,,,,,,,,,,,,,,,,,,,,,,,,,,,,
Inmuebles24,Juanacatl치n,venta,Terreno comercial,https://www.inmuebles24.com/terreno-comercial-en-venta-en-juanacatlan.html,,,,,,,,,,,,,,,,,,,,,,,,,,,,,,,
Inmuebles24,Ixtlahuac치n de los Membrillos,venta,Terreno comercial,https://www.inmuebles24.com/terreno-comercial-en-venta-en-ixtlahuacan-de-los-membrillos.html,,,,,,,,,,,,,,,,,,,,,,,,,,,,,,,
Inmuebles24,El Salto,venta,Terreno comercial,https://www.inmuebles24.com/terreno-comercial-en-venta-en-el-salto.html,,,,,,,,,,,,,,,,,,,,,,,,,,,,,,,
Inmuebles24,Tlajomulco de Zu침iga,venta,Terreno comercial,https://www.inmuebles24.com/terreno-comercial-en-venta-en-tlajomulco-de-zuniga.html,,,,,,,,,,,,,,,,,,,,,,,,,,,,,,,
Inmuebles24,Zapopan,venta,Terreno industrial,https://www.inmuebles24.com/terreno-industrial-en-venta-en-zapopan.html,,,,,,,,,,,,,,,,,,,,,,,,,,,,,,,
Inmuebles24,Guadalajara,venta,Terreno industrial,https://www.inmuebles24.com/terreno-industrial-en-venta-en-guadalajara.html,,,,,,,,,,,,,,,,,,,,,,,,,,,,,,,
Inmuebles24,San Pedro Tlaquepaque,venta,Terreno industrial,https://www.inmuebles24.com/terreno-industrial-en-venta-en-san-pedro-tlaquepaque.html,,,,,,,,,,,,,,,,,,,,,,,,,,,,,,,
Inmuebles24,Tonal치,venta,Terreno industrial,https://www.inmuebles24.com/terreno-industrial-en-venta-en-tonala.html,,,,,,,,,,,,,,,,,,,,,,,,,,,,,,,
Inmuebles24,Zapotlanejo,venta,Terreno industrial,https://www.inmuebles24.com/terreno-industrial-en-venta-en-zapotlanejo.html,,,,,,,,,,,,,,,,,,,,,,,,,,,,,,,
Inmuebles24,Juanacatl치n,venta,Terreno industrial,https://www.inmuebles24.com/terreno-industrial-en-venta-en-juanacatlan.html,,,,,,,,,,,,,,,,,,,,,,,,,,,,,,,
Inmuebles24,Ixtlahuac치n de los Membrillos,venta,Terreno industrial,https://www.inmuebles24.com/terreno-industrial-en-venta-en-ixtlahuacan-de-los-membrillos.html,,,,,,,,,,,,,,,,,,,,,,,,,,,,,,,
Inmuebles24,El Salto,venta,Terreno industrial,https://www.inmuebles24.com/terreno-industrial-en-venta-en-el-salto.html,,,,,,,,,,,,,,,,,,,,,,,,,,,,,,,
Inmuebles24,Tlajomulco de Zu침iga,venta,Terreno industrial,https://www.inmuebles24.com/terreno-industrial-en-venta-en-tlajomulco-de-zuniga.html,,,,,,,,,,,,,,,,,,,,,,,,,,,,,,,
Inmuebles24,Zapopan,venta,Terrenos,https://www.inmuebles24.com/terrenos-en-venta-en-zapopan.html,,,,,,,,,,,,,,,,,,,,,,,,,,,,,,,
Inmuebles24,Guadalajara,venta,Terrenos,https://www.inmuebles24.com/terrenos-en-venta-en-guadalajara.html,,,,,,,,,,,,,,,,,,,,,,,,,,,,,,,
Inmuebles24,San Pedro Tlaquepaque,venta,Terrenos,https://www.inmuebles24.com/terrenos-en-venta-en-san-pedro-tlaquepaque.html,,,,,,,,,,,,,,,,,,,,,,,,,,,,,,,
Inmuebles24,Tonal치,venta,Terrenos,https://www.inmuebles24.com/terrenos-en-venta-en-tonala.html,,,,,,,,,,,,,,,,,,,,,,,,,,,,,,,
Inmuebles24,Zapotlanejo,venta,Terrenos,https://www.inmuebles24.com/terrenos-en-venta-en-zapotlanejo.html,,,,,,,,,,,,,,,,,,,,,,,,,,,,,,,
Inmuebles24,Juanacatl치n,venta,Terrenos,https://www.inmuebles24.com/terrenos-en-venta-en-juanacatlan.html,,,,,,,,,,,,,,,,,,,,,,,,,,,,,,,
Inmuebles24,Ixtlahuac치n de los Membrillos,venta,Terrenos,https://www.inmuebles24.com/terrenos-en-venta-en-ixtlahuacan-de-los-membrillos.html,,,,,,,,,,,,,,,,,,,,,,,,,,,,,,,
Inmuebles24,El Salto,venta,Terrenos,https://www.inmuebles24.com/terrenos-en-venta-en-el-salto.html,,,,,,,,,,,,,,,,,,,,,,,,,,,,,,,
Inmuebles24,Tlajomulco de Zu침iga,venta,Terrenos,https://www.inmuebles24.com/terrenos-en-venta-en-tlajomulco-de-zuniga.html,,,,,,,,,,,,,,,,,,,,,,,,,,,,,,,
Inmuebles24,Zapopan,venta,Villa,https://www.inmuebles24.com/villa-en-venta-en-zapopan.html,,,,,,,,,,,,,,,,,,,,,,,,,,,,,,,
Inmuebles24,Guadalajara,venta,Villa,https://www.inmuebles24.com/villa-en-venta-en-guadalajara.html,,,,,,,,,,,,,,,,,,,,,,,,,,,,,,,
Inmuebles24,San Pedro Tlaquepaque,venta,Villa,https://www.inmuebles24.com/villa-en-venta-en-san-pedro-tlaquepaque.html,,,,,,,,,,,,,,,,,,,,,,,,,,,,,,,
Inmuebles24,Tonal치,venta,Villa,https://www.inmuebles24.com/villa-en-venta-en-tonala.html,,,,,,,,,,,,,,,,,,,,,,,,,,,,,,,
Inmuebles24,Zapotlanejo,venta,Villa,https://www.inmuebles24.com/villa-en-venta-en-zapotlanejo.html,,,,,,,,,,,,,,,,,,,,,,,,,,,,,,,
Inmuebles24,Juanacatl치n,venta,Villa,https://www.inmuebles24.com/villa-en-venta-en-juanacatlan.html,,,,,,,,,,,,,,,,,,,,,,,,,,,,,,,
Inmuebles24,Ixtlahuac치n de los Membrillos,venta,Villa,https://www.inmuebles24.com/villa-en-venta-en-ixtlahuacan-de-los-membrillos.html,,,,,,,,,,,,,,,,,,,,,,,,,,,,,,,
Inmuebles24,El Salto,venta,Villa,https://www.inmuebles24.com/villa-en-venta-en-el-salto.html,,,,,,,,,,,,,,,,,,,,,,,,,,,,,,,
Inmuebles24,Tlajomulco de Zu침iga,venta,Villa,https://www.inmuebles24.com/villa-en-venta-en-tlajomulco-de-zuniga.html,,,,,,,,,,,,,,,,,,,,,,,,,,,,,,,
Inmuebles24,Zapopan,venta-d,Desarrollo horizontal,https://www.inmuebles24.com/desarrollo-horizontal-en-venta-en-zapopan.html,,,,,,,,,,,,,,,,,,,,,,,,,,,,,,,
Inmuebles24,Guadalajara,venta-d,Desarrollo horizontal,https://www.inmuebles24.com/desarrollo-horizontal-en-venta-en-guadalajara.html,,,,,,,,,,,,,,,,,,,,,,,,,,,,,,,
Inmuebles24,San Pedro Tlaquepaque,venta-d,Desarrollo horizontal,https://www.inmuebles24.com/desarrollo-horizontal-en-venta-en-san-pedro-tlaquepaque.html,,,,,,,,,,,,,,,,,,,,,,,,,,,,,,,
Inmuebles24,Tonal치,venta-d,Desarrollo horizontal,https://www.inmuebles24.com/desarrollo-horizontal-en-venta-en-tonala.html,,,,,,,,,,,,,,,,,,,,,,,,,,,,,,,
Inmuebles24,Zapotlanejo,venta-d,Desarrollo horizontal,https://www.inmuebles24.com/desarrollo-horizontal-en-venta-en-zapotlanejo.html,,,,,,,,,,,,,,,,,,,,,,,,,,,,,,,
Inmuebles24,Juanacatl치n,venta-d,Desarrollo horizontal,https://www.inmuebles24.com/desarrollo-horizontal-en-venta-en-juanacatlan.html,,,,,,,,,,,,,,,,,,,,,,,,,,,,,,,
Inmuebles24,Ixtlahuac치n de los Membrillos,venta-d,Desarrollo horizontal,https://www.inmuebles24.com/desarrollo-horizontal-en-venta-en-ixtlahuacan-de-los-membrillos.html,,,,,,,,,,,,,,,,,,,,,,,,,,,,,,,
Inmuebles24,El Salto,venta-d,Desarrollo horizontal,https://www.inmuebles24.com/desarrollo-horizontal-en-venta-en-el-salto.html,,,,,,,,,,,,,,,,,,,,,,,,,,,,,,,
Inmuebles24,Tlajomulco de Zu침iga,venta-d,Desarrollo horizontal,https://www.inmuebles24.com/desarrollo-horizontal-en-venta-en-tlajomulco-de-zuniga.html,,,,,,,,,,,,,,,,,,,,,,,,,,,,,,,
Inmuebles24,Zapopan,venta-d,Desarrollo horizontal/vertical,https://www.inmuebles24.com/desarrollo-horizontal-vertical-en-venta-en-zapopan.html,,,,,,,,,,,,,,,,,,,,,,,,,,,,,,,
Inmuebles24,Guadalajara,venta-d,Desarrollo horizontal/vertical,https://www.inmuebles24.com/desarrollo-horizontal-vertical-en-venta-en-guadalajara.html,,,,,,,,,,,,,,,,,,,,,,,,,,,,,,,
Inmuebles24,San Pedro Tlaquepaque,venta-d,Desarrollo horizontal/vertical,https://www.inmuebles24.com/desarrollo-horizontal-vertical-en-venta-en-san-pedro-tlaquepaque.html,,,,,,,,,,,,,,,,,,,,,,,,,,,,,,,
Inmuebles24,Tonal치,venta-d,Desarrollo horizontal/vertical,https://www.inmuebles24.com/desarrollo-horizontal-vertical-en-venta-en-tonala.html,,,,,,,,,,,,,,,,,,,,,,,,,,,,,,,
Inmuebles24,Zapotlanejo,venta-d,Desarrollo horizontal/vertical,https://www.inmuebles24.com/desarrollo-horizontal-vertical-en-venta-en-zapotlanejo.html,,,,,,,,,,,,,,,,,,,,,,,,,,,,,,,
Inmuebles24,Juanacatl치n,venta-d,Desarrollo horizontal/vertical,https://www.inmuebles24.com/desarrollo-horizontal-vertical-en-venta-en-juanacatlan.html,,,,,,,,,,,,,,,,,,,,,,,,,,,,,,,
Inmuebles24,Ixtlahuac치n de los Membrillos,venta-d,Desarrollo horizontal/vertical,https://www.inmuebles24.com/desarrollo-horizontal-vertical-en-venta-en-ixtlahuacan-de-los-membrillos.html,,,,,,,,,,,,,,,,,,,,,,,,,,,,,,,
Inmuebles24,El Salto,venta-d,Desarrollo horizontal/vertical,https://www.inmuebles24.com/desarrollo-horizontal-vertical-en-venta-en-el-salto.html,,,,,,,,,,,,,,,,,,,,,,,,,,,,,,,
Inmuebles24,Tlajomulco de Zu침iga,venta-d,Desarrollo horizontal/vertical,https://www.inmuebles24.com/desarrollo-horizontal-vertical-en-venta-en-tlajomulco-de-zuniga.html,,,,,,,,,,,,,,,,,,,,,,,,,,,,,,,
Inmuebles24,Zapopan,venta-d,Desarrollo vertical,https://www.inmuebles24.com/desarrollo-vertical-en-venta-en-zapopan.html,,,,,,,,,,,,,,,,,,,,,,,,,,,,,,,
Inmuebles24,Guadalajara,venta-d,Desarrollo vertical,https://www.inmuebles24.com/desarrollo-vertical-en-venta-en-guadalajara.html,,,,,,,,,,,,,,,,,,,,,,,,,,,,,,,
Inmuebles24,San Pedro Tlaquepaque,venta-d,Desarrollo vertical,https://www.inmuebles24.com/desarrollo-vertical-en-venta-en-san-pedro-tlaquepaque.html,,,,,,,,,,,,,,,,,,,,,,,,,,,,,,,
Inmuebles24,Tonal치,venta-d,Desarrollo vertical,https://www.inmuebles24.com/desarrollo-vertical-en-venta-en-tonala.html,,,,,,,,,,,,,,,,,,,,,,,,,,,,,,,
Inmuebles24,Zapotlanejo,venta-d,Desarrollo vertical,https://www.inmuebles24.com/desarrollo-vertical-en-venta-en-zapotlanejo.html,,,,,,,,,,,,,,,,,,,,,,,,,,,,,,,
Inmuebles24,Juanacatl치n,venta-d,Desarrollo vertical,https://www.inmuebles24.com/desarrollo-vertical-en-venta-en-juanacatlan.html,,,,,,,,,,,,,,,,,,,,,,,,,,,,,,,
Inmuebles24,Ixtlahuac치n de los Membrillos,venta-d,Desarrollo vertical,https://www.inmuebles24.com/desarrollo-vertical-en-venta-en-ixtlahuacan-de-los-membrillos.html,,,,,,,,,,,,,,,,,,,,,,,,,,,,,,,
Inmuebles24,El Salto,venta-d,Desarrollo vertical,https://www.inmuebles24.com/desarrollo-vertical-en-venta-en-el-salto.html,,,,,,,,,,,,,,,,,,,,,,,,,,,,,,,
Inmuebles24,Tlajomulco de Zu침iga,venta-d,Desarrollo vertical,https://www.inmuebles24.com/desarrollo-vertical-en-venta-en-tlajomulco-de-zuniga.html,,,,,,,,,,,,,,,,,,,,,,,,,,,,,,,
Inmuebles24,Zapopan,venta-r,Bodegas comerciales,https://www.inmuebles24.com/bodegas-comerciales-en-venta-en-zapopan-q-remate.html,,,,,,,,,,,,,,,,,,,,,,,,,,,,,,,
Inmuebles24,Guadalajara,venta-r,Bodegas comerciales,https://www.inmuebles24.com/bodegas-comerciales-en-venta-en-guadalajara-q-remate.html,,,,,,,,,,,,,,,,,,,,,,,,,,,,,,,
Inmuebles24,San Pedro Tlaquepaque,venta-r,Bodegas comerciales,https://www.inmuebles24.com/bodegas-comerciales-en-venta-en-san-pedro-tlaquepaque-q-remate.html,,,,,,,,,,,,,,,,,,,,,,,,,,,,,,,
Inmuebles24,Tonal치,venta-r,Bodegas comerciales,https://www.inmuebles24.com/bodegas-comerciales-en-venta-en-tonala-q-remate.html,,,,,,,,,,,,,,,,,,,,,,,,,,,,,,,
Inmuebles24,Zapotlanejo,venta-r,Bodegas comerciales,https://www.inmuebles24.com/bodegas-comerciales-en-venta-en-zapotlanejo-q-remate.html,,,,,,,,,,,,,,,,,,,,,,,,,,,,,,,
Inmuebles24,Juanacatl치n,venta-r,Bodegas comerciales,https://www.inmuebles24.com/bodegas-comerciales-en-venta-en-juanacatlan-q-remate.html,,,,,,,,,,,,,,,,,,,,,,,,,,,,,,,
Inmuebles24,Ixtlahuac치n de los Membrillos,venta-r,Bodegas comerciales,https://www.inmuebles24.com/bodegas-comerciales-en-venta-en-ixtlahuacan-de-los-membrillos-q-remate.html,,,,,,,,,,,,,,,,,,,,,,,,,,,,,,,
Inmuebles24,El Salto,venta-r,Bodegas comerciales,https://www.inmuebles24.com/bodegas-comerciales-en-venta-en-el-salto-q-remate.html,,,,,,,,,,,,,,,,,,,,,,,,,,,,,,,
Inmuebles24,Tlajomulco de Zu침iga,venta-r,Bodegas comerciales,https://www.inmuebles24.com/bodegas-comerciales-en-venta-en-tlajomulco-de-zuniga-q-remate.html,,,,,,,,,,,,,,,,,,,,,,,,,,,,,,,
Inmuebles24,Zapopan,venta-r,Casa en condominio,https://www.inmuebles24.com/casa-en-condominio-en-venta-en-zapopan-q-remate.html,,,,,,,,,,,,,,,,,,,,,,,,,,,,,,,
Inmuebles24,Guadalajara,venta-r,Casa en condominio,https://www.inmuebles24.com/casa-en-condominio-en-venta-en-guadalajara-q-remate.html,,,,,,,,,,,,,,,,,,,,,,,,,,,,,,,
Inmuebles24,San Pedro Tlaquepaque,venta-r,Casa en condominio,https://www.inmuebles24.com/casa-en-condominio-en-venta-en-san-pedro-tlaquepaque-q-remate.html,,,,,,,,,,,,,,,,,,,,,,,,,,,,,,,
Inmuebles24,Tonal치,venta-r,Casa en condominio,https://www.inmuebles24.com/casa-en-condominio-en-venta-en-tonala-q-remate.html,,,,,,,,,,,,,,,,,,,,,,,,,,,,,,,
Inmuebles24,Zapotlanejo,venta-r,Casa en condominio,https://www.inmuebles24.com/casa-en-condominio-en-venta-en-zapotlanejo-q-remate.html,,,,,,,,,,,,,,,,,,,,,,,,,,,,,,,
Inmuebles24,Juanacatl치n,venta-r,Casa en condominio,https://www.inmuebles24.com/casa-en-condominio-en-venta-en-juanacatlan-q-remate.html,,,,,,,,,,,,,,,,,,,,,,,,,,,,,,,
Inmuebles24,Ixtlahuac치n de los Membrillos,venta-r,Casa en condominio,https://www.inmuebles24.com/casa-en-condominio-en-venta-en-ixtlahuacan-de-los-membrillos-q-remate.html,,,,,,,,,,,,,,,,,,,,,,,,,,,,,,,
Inmuebles24,El Salto,venta-r,Casa en condominio,https://www.inmuebles24.com/casa-en-condominio-en-venta-en-el-salto-q-remate.html,,,,,,,,,,,,,,,,,,,,,,,,,,,,,,,
Inmuebles24,Tlajomulco de Zu침iga,venta-r,Casa en condominio,https://www.inmuebles24.com/casa-en-condominio-en-venta-en-tlajomulco-de-zuniga-q-remate.html,,,,,,,,,,,,,,,,,,,,,,,,,,,,,,,
Inmuebles24,Zapopan,venta-r,Casa uso de suelo,https://www.inmuebles24.com/casa-uso-de-suelo-en-venta-en-zapopan-q-remate.html,,,,,,,,,,,,,,,,,,,,,,,,,,,,,,,
Inmuebles24,Guadalajara,venta-r,Casa uso de suelo,https://www.inmuebles24.com/casa-uso-de-suelo-en-venta-en-guadalajara-q-remate.html,,,,,,,,,,,,,,,,,,,,,,,,,,,,,,,
Inmuebles24,San Pedro Tlaquepaque,venta-r,Casa uso de suelo,https://www.inmuebles24.com/casa-uso-de-suelo-en-venta-en-san-pedro-tlaquepaque-q-remate.html,,,,,,,,,,,,,,,,,,,,,,,,,,,,,,,
Inmuebles24,Tonal치,venta-r,Casa uso de suelo,https://www.inmuebles24.com/casa-uso-de-suelo-en-venta-en-tonala-q-remate.html,,,,,,,,,,,,,,,,,,,,,,,,,,,,,,,
Inmuebles24,Zapotlanejo,venta-r,Casa uso de suelo,https://www.inmuebles24.com/casa-uso-de-suelo-en-venta-en-zapotlanejo-q-remate.html,,,,,,,,,,,,,,,,,,,,,,,,,,,,,,,
Inmuebles24,Juanacatl치n,venta-r,Casa uso de suelo,https://www.inmuebles24.com/casa-uso-de-suelo-en-venta-en-juanacatlan-q-remate.html,,,,,,,,,,,,,,,,,,,,,,,,,,,,,,,
Inmuebles24,Ixtlahuac치n de los Membrillos,venta-r,Casa uso de suelo,https://www.inmuebles24.com/casa-uso-de-suelo-en-venta-en-ixtlahuacan-de-los-membrillos-q-remate.html,,,,,,,,,,,,,,,,,,,,,,,,,,,,,,,
Inmuebles24,El Salto,venta-r,Casa uso de suelo,https://www.inmuebles24.com/casa-uso-de-suelo-en-venta-en-el-salto-q-remate.html,,,,,,,,,,,,,,,,,,,,,,,,,,,,,,,
Inmuebles24,Tlajomulco de Zu침iga,venta-r,Casa uso de suelo,https://www.inmuebles24.com/casa-uso-de-suelo-en-venta-en-tlajomulco-de-zuniga-q-remate.html,,,,,,,,,,,,,,,,,,,,,,,,,,,,,,,
Inmuebles24,Zapopan,venta-r,Casas,https://www.inmuebles24.com/casas-en-venta-en-zapopan-q-remate.html,,,,,,,,,,,,,,,,,,,,,,,,,,,,,,,
Inmuebles24,Guadalajara,venta-r,Casas,https://www.inmuebles24.com/casas-en-venta-en-guadalajara-q-remate.html,,,,,,,,,,,,,,,,,,,,,,,,,,,,,,,
Inmuebles24,San Pedro Tlaquepaque,venta-r,Casas,https://www.inmuebles24.com/casas-en-venta-en-san-pedro-tlaquepaque-q-remate.html,,,,,,,,,,,,,,,,,,,,,,,,,,,,,,,
Inmuebles24,Tonal치,venta-r,Casas,https://www.inmuebles24.com/casas-en-venta-en-tonala-q-remate.html,,,,,,,,,,,,,,,,,,,,,,,,,,,,,,,
Inmuebles24,Zapotlanejo,venta-r,Casas,https://www.inmuebles24.com/casas-en-venta-en-zapotlanejo-q-remate.html,,,,,,,,,,,,,,,,,,,,,,,,,,,,,,,
Inmuebles24,Juanacatl치n,venta-r,Casas,https://www.inmuebles24.com/casas-en-venta-en-juanacatlan-q-remate.html,,,,,,,,,,,,,,,,,,,,,,,,,,,,,,,
Inmuebles24,Ixtlahuac치n de los Membrillos,venta-r,Casas,https://www.inmuebles24.com/casas-en-venta-en-ixtlahuacan-de-los-membrillos-q-remate.html,,,,,,,,,,,,,,,,,,,,,,,,,,,,,,,
Inmuebles24,El Salto,venta-r,Casas,https://www.inmuebles24.com/casas-en-venta-en-el-salto-q-remate.html,,,,,,,,,,,,,,,,,,,,,,,,,,,,,,,
Inmuebles24,Tlajomulco de Zu침iga,venta-r,Casas,https://www.inmuebles24.com/casas-en-venta-en-tlajomulco-de-zuniga-q-remate.html,,,,,,,,,,,,,,,,,,,,,,,,,,,,,,,
Inmuebles24,Zapopan,venta-r,D칰plex,https://www.inmuebles24.com/duplex-en-venta-en-zapopan-q-remate.html,,,,,,,,,,,,,,,,,,,,,,,,,,,,,,,
Inmuebles24,Guadalajara,venta-r,D칰plex,https://www.inmuebles24.com/duplex-en-venta-en-guadalajara-q-remate.html,,,,,,,,,,,,,,,,,,,,,,,,,,,,,,,
Inmuebles24,San Pedro Tlaquepaque,venta-r,D칰plex,https://www.inmuebles24.com/duplex-en-venta-en-san-pedro-tlaquepaque-q-remate.html,,,,,,,,,,,,,,,,,,,,,,,,,,,,,,,
Inmuebles24,Tonal치,venta-r,D칰plex,https://www.inmuebles24.com/duplex-en-venta-en-tonala-q-remate.html,,,,,,,,,,,,,,,,,,,,,,,,,,,,,,,
Inmuebles24,Zapotlanejo,venta-r,D칰plex,https://www.inmuebles24.com/duplex-en-venta-en-zapotlanejo-q-remate.html,,,,,,,,,,,,,,,,,,,,,,,,,,,,,,,
Inmuebles24,Juanacatl치n,venta-r,D칰plex,https://www.inmuebles24.com/duplex-en-venta-en-juanacatlan-q-remate.html,,,,,,,,,,,,,,,,,,,,,,,,,,,,,,,
Inmuebles24,Ixtlahuac치n de los Membrillos,venta-r,D칰plex,https://www.inmuebles24.com/duplex-en-venta-en-ixtlahuacan-de-los-membrillos-q-remate.html,,,,,,,,,,,,,,,,,,,,,,,,,,,,,,,
Inmuebles24,El Salto,venta-r,D칰plex,https://www.inmuebles24.com/duplex-en-venta-en-el-salto-q-remate.html,,,,,,,,,,,,,,,,,,,,,,,,,,,,,,,
Inmuebles24,Tlajomulco de Zu침iga,venta-r,D칰plex,https://www.inmuebles24.com/duplex-en-venta-en-tlajomulco-de-zuniga-q-remate.html,,,,,,,,,,,,,,,,,,,,,,,,,,,,,,,
Inmuebles24,Zapopan,venta-r,Departamento compartido,https://www.inmuebles24.com/departamento-compartido-en-venta-en-zapopan-q-remate.html,,,,,,,,,,,,,,,,,,,,,,,,,,,,,,,
Inmuebles24,Guadalajara,venta-r,Departamento compartido,https://www.inmuebles24.com/departamento-compartido-en-venta-en-guadalajara-q-remate.html,,,,,,,,,,,,,,,,,,,,,,,,,,,,,,,
Inmuebles24,San Pedro Tlaquepaque,venta-r,Departamento compartido,https://www.inmuebles24.com/departamento-compartido-en-venta-en-san-pedro-tlaquepaque-q-remate.html,,,,,,,,,,,,,,,,,,,,,,,,,,,,,,,
Inmuebles24,Tonal치,venta-r,Departamento compartido,https://www.inmuebles24.com/departamento-compartido-en-venta-en-tonala-q-remate.html,,,,,,,,,,,,,,,,,,,,,,,,,,,,,,,
Inmuebles24,Zapotlanejo,venta-r,Departamento compartido,https://www.inmuebles24.com/departamento-compartido-en-venta-en-zapotlanejo-q-remate.html,,,,,,,,,,,,,,,,,,,,,,,,,,,,,,,
Inmuebles24,Juanacatl치n,venta-r,Departamento compartido,https://www.inmuebles24.com/departamento-compartido-en-venta-en-juanacatlan-q-remate.html,,,,,,,,,,,,,,,,,,,,,,,,,,,,,,,
Inmuebles24,Ixtlahuac치n de los Membrillos,venta-r,Departamento compartido,https://www.inmuebles24.com/departamento-compartido-en-venta-en-ixtlahuacan-de-los-membrillos-q-remate.html,,,,,,,,,,,,,,,,,,,,,,,,,,,,,,,
Inmuebles24,El Salto,venta-r,Departamento compartido,https://www.inmuebles24.com/departamento-compartido-en-venta-en-el-salto-q-remate.html,,,,,,,,,,,,,,,,,,,,,,,,,,,,,,,
Inmuebles24,Tlajomulco de Zu침iga,venta-r,Departamento compartido,https://www.inmuebles24.com/departamento-compartido-en-venta-en-tlajomulco-de-zuniga-q-remate.html,,,,,,,,,,,,,,,,,,,,,,,,,,,,,,,
Inmuebles24,Zapopan,venta-r,Departamentos,https://www.inmuebles24.com/departamentos-en-venta-en-zapopan-q-remate.html,,,,,,,,,,,,,,,,,,,,,,,,,,,,,,,
Inmuebles24,Guadalajara,venta-r,Departamentos,https://www.inmuebles24.com/departamentos-en-venta-en-guadalajara-q-remate.html,,,,,,,,,,,,,,,,,,,,,,,,,,,,,,,
Inmuebles24,San Pedro Tlaquepaque,venta-r,Departamentos,https://www.inmuebles24.com/departamentos-en-venta-en-san-pedro-tlaquepaque-q-remate.html,,,,,,,,,,,,,,,,,,,,,,,,,,,,,,,
Inmuebles24,Tonal치,venta-r,Departamentos,https://www.inmuebles24.com/departamentos-en-venta-en-tonala-q-remate.html,,,,,,,,,,,,,,,,,,,,,,,,,,,,,,,
Inmuebles24,Zapotlanejo,venta-r,Departamentos,https://www.inmuebles24.com/departamentos-en-venta-en-zapotlanejo-q-remate.html,,,,,,,,,,,,,,,,,,,,,,,,,,,,,,,
Inmuebles24,Juanacatl치n,venta-r,Departamentos,https://www.inmuebles24.com/departamentos-en-venta-en-juanacatlan-q-remate.html,,,,,,,,,,,,,,,,,,,,,,,,,,,,,,,
Inmuebles24,Ixtlahuac치n de los Membrillos,venta-r,Departamentos,https://www.inmuebles24.com/departamentos-en-venta-en-ixtlahuacan-de-los-membrillos-q-remate.html,,,,,,,,,,,,,,,,,,,,,,,,,,,,,,,
Inmuebles24,El Salto,venta-r,Departamentos,https://www.inmuebles24.com/departamentos-en-venta-en-el-salto-q-remate.html,,,,,,,,,,,,,,,,,,,,,,,,,,,,,,,
Inmuebles24,Tlajomulco de Zu침iga,venta-r,Departamentos,https://www.inmuebles24.com/departamentos-en-venta-en-tlajomulco-de-zuniga-q-remate.html,,,,,,,,,,,,,,,,,,,,,,,,,,,,,,,
Inmuebles24,Zapopan,venta-r,Desarrollo horizontal,https://www.inmuebles24.com/desarrollo-horizontal-en-venta-en-zapopan-q-remate.html,,,,,,,,,,,,,,,,,,,,,,,,,,,,,,,
Inmuebles24,Guadalajara,venta-r,Desarrollo horizontal,https://www.inmuebles24.com/desarrollo-horizontal-en-venta-en-guadalajara-q-remate.html,,,,,,,,,,,,,,,,,,,,,,,,,,,,,,,
Inmuebles24,San Pedro Tlaquepaque,venta-r,Desarrollo horizontal,https://www.inmuebles24.com/desarrollo-horizontal-en-venta-en-san-pedro-tlaquepaque-q-remate.html,,,,,,,,,,,,,,,,,,,,,,,,,,,,,,,
Inmuebles24,Tonal치,venta-r,Desarrollo horizontal,https://www.inmuebles24.com/desarrollo-horizontal-en-venta-en-tonala-q-remate.html,,,,,,,,,,,,,,,,,,,,,,,,,,,,,,,
Inmuebles24,Zapotlanejo,venta-r,Desarrollo horizontal,https://www.inmuebles24.com/desarrollo-horizontal-en-venta-en-zapotlanejo-q-remate.html,,,,,,,,,,,,,,,,,,,,,,,,,,,,,,,
Inmuebles24,Juanacatl치n,venta-r,Desarrollo horizontal,https://www.inmuebles24.com/desarrollo-horizontal-en-venta-en-juanacatlan-q-remate.html,,,,,,,,,,,,,,,,,,,,,,,,,,,,,,,
Inmuebles24,Ixtlahuac치n de los Membrillos,venta-r,Desarrollo horizontal,https://www.inmuebles24.com/desarrollo-horizontal-en-venta-en-ixtlahuacan-de-los-membrillos-q-remate.html,,,,,,,,,,,,,,,,,,,,,,,,,,,,,,,
Inmuebles24,El Salto,venta-r,Desarrollo horizontal,https://www.inmuebles24.com/desarrollo-horizontal-en-venta-en-el-salto-q-remate.html,,,,,,,,,,,,,,,,,,,,,,,,,,,,,,,
Inmuebles24,Tlajomulco de Zu침iga,venta-r,Desarrollo horizontal,https://www.inmuebles24.com/desarrollo-horizontal-en-venta-en-tlajomulco-de-zuniga-q-remate.html,,,,,,,,,,,,,,,,,,,,,,,,,,,,,,,
Inmuebles24,Zapopan,venta-r,Desarrollo horizontal/vertical,https://www.inmuebles24.com/desarrollo-horizontal-vertical-en-venta-en-zapopan-q-remate.html,,,,,,,,,,,,,,,,,,,,,,,,,,,,,,,
Inmuebles24,Guadalajara,venta-r,Desarrollo horizontal/vertical,https://www.inmuebles24.com/desarrollo-horizontal-vertical-en-venta-en-guadalajara-q-remate.html,,,,,,,,,,,,,,,,,,,,,,,,,,,,,,,
Inmuebles24,San Pedro Tlaquepaque,venta-r,Desarrollo horizontal/vertical,https://www.inmuebles24.com/desarrollo-horizontal-vertical-en-venta-en-san-pedro-tlaquepaque-q-remate.html,,,,,,,,,,,,,,,,,,,,,,,,,,,,,,,
Inmuebles24,Tonal치,venta-r,Desarrollo horizontal/vertical,https://www.inmuebles24.com/desarrollo-horizontal-vertical-en-venta-en-tonala-q-remate.html,,,,,,,,,,,,,,,,,,,,,,,,,,,,,,,
Inmuebles24,Zapotlanejo,venta-r,Desarrollo horizontal/vertical,https://www.inmuebles24.com/desarrollo-horizontal-vertical-en-venta-en-zapotlanejo-q-remate.html,,,,,,,,,,,,,,,,,,,,,,,,,,,,,,,
Inmuebles24,Juanacatl치n,venta-r,Desarrollo horizontal/vertical,https://www.inmuebles24.com/desarrollo-horizontal-vertical-en-venta-en-juanacatlan-q-remate.html,,,,,,,,,,,,,,,,,,,,,,,,,,,,,,,
Inmuebles24,Ixtlahuac치n de los Membrillos,venta-r,Desarrollo horizontal/vertical,https://www.inmuebles24.com/desarrollo-horizontal-vertical-en-venta-en-ixtlahuacan-de-los-membrillos-q-remate.html,,,,,,,,,,,,,,,,,,,,,,,,,,,,,,,
Inmuebles24,El Salto,venta-r,Desarrollo horizontal/vertical,https://www.inmuebles24.com/desarrollo-horizontal-vertical-en-venta-en-el-salto-q-remate.html,,,,,,,,,,,,,,,,,,,,,,,,,,,,,,,
Inmuebles24,Tlajomulco de Zu침iga,venta-r,Desarrollo horizontal/vertical,https://www.inmuebles24.com/desarrollo-horizontal-vertical-en-venta-en-tlajomulco-de-zuniga-q-remate.html,,,,,,,,,,,,,,,,,,,,,,,,,,,,,,,
Inmuebles24,Zapopan,venta-r,Desarrollo vertical,https://www.inmuebles24.com/desarrollo-vertical-en-venta-en-zapopan-q-remate.html,,,,,,,,,,,,,,,,,,,,,,,,,,,,,,,
Inmuebles24,Guadalajara,venta-r,Desarrollo vertical,https://www.inmuebles24.com/desarrollo-vertical-en-venta-en-guadalajara-q-remate.html,,,,,,,,,,,,,,,,,,,,,,,,,,,,,,,
Inmuebles24,San Pedro Tlaquepaque,venta-r,Desarrollo vertical,https://www.inmuebles24.com/desarrollo-vertical-en-venta-en-san-pedro-tlaquepaque-q-remate.html,,,,,,,,,,,,,,,,,,,,,,,,,,,,,,,
Inmuebles24,Tonal치,venta-r,Desarrollo vertical,https://www.inmuebles24.com/desarrollo-vertical-en-venta-en-tonala-q-remate.html,,,,,,,,,,,,,,,,,,,,,,,,,,,,,,,
Inmuebles24,Zapotlanejo,venta-r,Desarrollo vertical,https://www.inmuebles24.com/desarrollo-vertical-en-venta-en-zapotlanejo-q-remate.html,,,,,,,,,,,,,,,,,,,,,,,,,,,,,,,
Inmuebles24,Juanacatl치n,venta-r,Desarrollo vertical,https://www.inmuebles24.com/desarrollo-vertical-en-venta-en-juanacatlan-q-remate.html,,,,,,,,,,,,,,,,,,,,,,,,,,,,,,,
Inmuebles24,Ixtlahuac치n de los Membrillos,venta-r,Desarrollo vertical,https://www.inmuebles24.com/desarrollo-vertical-en-venta-en-ixtlahuacan-de-los-membrillos-q-remate.html,,,,,,,,,,,,,,,,,,,,,,,,,,,,,,,
Inmuebles24,El Salto,venta-r,Desarrollo vertical,https://www.inmuebles24.com/desarrollo-vertical-en-venta-en-el-salto-q-remate.html,,,,,,,,,,,,,,,,,,,,,,,,,,,,,,,
Inmuebles24,Tlajomulco de Zu침iga,venta-r,Desarrollo vertical,https://www.inmuebles24.com/desarrollo-vertical-en-venta-en-tlajomulco-de-zuniga-q-remate.html,,,,,,,,,,,,,,,,,,,,,,,,,,,,,,,
Inmuebles24,Zapopan,venta-r,Edificio,https://www.inmuebles24.com/edificio-en-venta-en-zapopan-q-remate.html,,,,,,,,,,,,,,,,,,,,,,,,,,,,,,,
Inmuebles24,Guadalajara,venta-r,Edificio,https://www.inmuebles24.com/edificio-en-venta-en-guadalajara-q-remate.html,,,,,,,,,,,,,,,,,,,,,,,,,,,,,,,
Inmuebles24,San Pedro Tlaquepaque,venta-r,Edificio,https://www.inmuebles24.com/edificio-en-venta-en-san-pedro-tlaquepaque-q-remate.html,,,,,,,,,,,,,,,,,,,,,,,,,,,,,,,
Inmuebles24,Tonal치,venta-r,Edificio,https://www.inmuebles24.com/edificio-en-venta-en-tonala-q-remate.html,,,,,,,,,,,,,,,,,,,,,,,,,,,,,,,
Inmuebles24,Zapotlanejo,venta-r,Edificio,https://www.inmuebles24.com/edificio-en-venta-en-zapotlanejo-q-remate.html,,,,,,,,,,,,,,,,,,,,,,,,,,,,,,,
Inmuebles24,Juanacatl치n,venta-r,Edificio,https://www.inmuebles24.com/edificio-en-venta-en-juanacatlan-q-remate.html,,,,,,,,,,,,,,,,,,,,,,,,,,,,,,,
Inmuebles24,Ixtlahuac치n de los Membrillos,venta-r,Edificio,https://www.inmuebles24.com/edificio-en-venta-en-ixtlahuacan-de-los-membrillos-q-remate.html,,,,,,,,,,,,,,,,,,,,,,,,,,,,,,,
Inmuebles24,El Salto,venta-r,Edificio,https://www.inmuebles24.com/edificio-en-venta-en-el-salto-q-remate.html,,,,,,,,,,,,,,,,,,,,,,,,,,,,,,,
Inmuebles24,Tlajomulco de Zu침iga,venta-r,Edificio,https://www.inmuebles24.com/edificio-en-venta-en-tlajomulco-de-zuniga-q-remate.html,,,,,,,,,,,,,,,,,,,,,,,,,,,,,,,
Inmuebles24,Zapopan,venta-r,Huerta,https://www.inmuebles24.com/huerta-en-venta-en-zapopan-q-remate.html,,,,,,,,,,,,,,,,,,,,,,,,,,,,,,,
Inmuebles24,Guadalajara,venta-r,Huerta,https://www.inmuebles24.com/huerta-en-venta-en-guadalajara-q-remate.html,,,,,,,,,,,,,,,,,,,,,,,,,,,,,,,
Inmuebles24,San Pedro Tlaquepaque,venta-r,Huerta,https://www.inmuebles24.com/huerta-en-venta-en-san-pedro-tlaquepaque-q-remate.html,,,,,,,,,,,,,,,,,,,,,,,,,,,,,,,
Inmuebles24,Tonal치,venta-r,Huerta,https://www.inmuebles24.com/huerta-en-venta-en-tonala-q-remate.html,,,,,,,,,,,,,,,,,,,,,,,,,,,,,,,
Inmuebles24,Zapotlanejo,venta-r,Huerta,https://www.inmuebles24.com/huerta-en-venta-en-zapotlanejo-q-remate.html,,,,,,,,,,,,,,,,,,,,,,,,,,,,,,,
Inmuebles24,Juanacatl치n,venta-r,Huerta,https://www.inmuebles24.com/huerta-en-venta-en-juanacatlan-q-remate.html,,,,,,,,,,,,,,,,,,,,,,,,,,,,,,,
Inmuebles24,Ixtlahuac치n de los Membrillos,venta-r,Huerta,https://www.inmuebles24.com/huerta-en-venta-en-ixtlahuacan-de-los-membrillos-q-remate.html,,,,,,,,,,,,,,,,,,,,,,,,,,,,,,,
Inmuebles24,El Salto,venta-r,Huerta,https://www.inmuebles24.com/huerta-en-venta-en-el-salto-q-remate.html,,,,,,,,,,,,,,,,,,,,,,,,,,,,,,,
Inmuebles24,Tlajomulco de Zu침iga,venta-r,Huerta,https://www.inmuebles24.com/huerta-en-venta-en-tlajomulco-de-zuniga-q-remate.html,,,,,,,,,,,,,,,,,,,,,,,,,,,,,,,
Inmuebles24,Zapopan,venta-r,Inmueble productivo urbano,https://www.inmuebles24.com/inmueble-productivo-urbano-en-venta-en-zapopan-q-remate.html,,,,,,,,,,,,,,,,,,,,,,,,,,,,,,,
Inmuebles24,Guadalajara,venta-r,Inmueble productivo urbano,https://www.inmuebles24.com/inmueble-productivo-urbano-en-venta-en-guadalajara-q-remate.html,,,,,,,,,,,,,,,,,,,,,,,,,,,,,,,
Inmuebles24,San Pedro Tlaquepaque,venta-r,Inmueble productivo urbano,https://www.inmuebles24.com/inmueble-productivo-urbano-en-venta-en-san-pedro-tlaquepaque-q-remate.html,,,,,,,,,,,,,,,,,,,,,,,,,,,,,,,
Inmuebles24,Tonal치,venta-r,Inmueble productivo urbano,https://www.inmuebles24.com/inmueble-productivo-urbano-en-venta-en-tonala-q-remate.html,,,,,,,,,,,,,,,,,,,,,,,,,,,,,,,
Inmuebles24,Zapotlanejo,venta-r,Inmueble productivo urbano,https://www.inmuebles24.com/inmueble-productivo-urbano-en-venta-en-zapotlanejo-q-remate.html,,,,,,,,,,,,,,,,,,,,,,,,,,,,,,,
Inmuebles24,Juanacatl치n,venta-r,Inmueble productivo urbano,https://www.inmuebles24.com/inmueble-productivo-urbano-en-venta-en-juanacatlan-q-remate.html,,,,,,,,,,,,,,,,,,,,,,,,,,,,,,,
Inmuebles24,Ixtlahuac치n de los Membrillos,venta-r,Inmueble productivo urbano,https://www.inmuebles24.com/inmueble-productivo-urbano-en-venta-en-ixtlahuacan-de-los-membrillos-q-remate.html,,,,,,,,,,,,,,,,,,,,,,,,,,,,,,,
Inmuebles24,El Salto,venta-r,Inmueble productivo urbano,https://www.inmuebles24.com/inmueble-productivo-urbano-en-venta-en-el-salto-q-remate.html,,,,,,,,,,,,,,,,,,,,,,,,,,,,,,,
Inmuebles24,Tlajomulco de Zu침iga,venta-r,Inmueble productivo urbano,https://www.inmuebles24.com/inmueble-productivo-urbano-en-venta-en-tlajomulco-de-zuniga-q-remate.html,,,,,,,,,,,,,,,,,,,,,,,,,,,,,,,
Inmuebles24,Zapopan,venta-r,Local en centro comercial,https://www.inmuebles24.com/local-en-centro-comercial-en-venta-en-zapopan-q-remate.html,,,,,,,,,,,,,,,,,,,,,,,,,,,,,,,
Inmuebles24,Guadalajara,venta-r,Local en centro comercial,https://www.inmuebles24.com/local-en-centro-comercial-en-venta-en-guadalajara-q-remate.html,,,,,,,,,,,,,,,,,,,,,,,,,,,,,,,
Inmuebles24,San Pedro Tlaquepaque,venta-r,Local en centro comercial,https://www.inmuebles24.com/local-en-centro-comercial-en-venta-en-san-pedro-tlaquepaque-q-remate.html,,,,,,,,,,,,,,,,,,,,,,,,,,,,,,,
Inmuebles24,Tonal치,venta-r,Local en centro comercial,https://www.inmuebles24.com/local-en-centro-comercial-en-venta-en-tonala-q-remate.html,,,,,,,,,,,,,,,,,,,,,,,,,,,,,,,
Inmuebles24,Zapotlanejo,venta-r,Local en centro comercial,https://www.inmuebles24.com/local-en-centro-comercial-en-venta-en-zapotlanejo-q-remate.html,,,,,,,,,,,,,,,,,,,,,,,,,,,,,,,
Inmuebles24,Juanacatl치n,venta-r,Local en centro comercial,https://www.inmuebles24.com/local-en-centro-comercial-en-venta-en-juanacatlan-q-remate.html,,,,,,,,,,,,,,,,,,,,,,,,,,,,,,,
Inmuebles24,Ixtlahuac치n de los Membrillos,venta-r,Local en centro comercial,https://www.inmuebles24.com/local-en-centro-comercial-en-venta-en-ixtlahuacan-de-los-membrillos-q-remate.html,,,,,,,,,,,,,,,,,,,,,,,,,,,,,,,
Inmuebles24,El Salto,venta-r,Local en centro comercial,https://www.inmuebles24.com/local-en-centro-comercial-en-venta-en-el-salto-q-remate.html,,,,,,,,,,,,,,,,,,,,,,,,,,,,,,,
Inmuebles24,Tlajomulco de Zu침iga,venta-r,Local en centro comercial,https://www.inmuebles24.com/local-en-centro-comercial-en-venta-en-tlajomulco-de-zuniga-q-remate.html,,,,,,,,,,,,,,,,,,,,,,,,,,,,,,,
Inmuebles24,Zapopan,venta-r,Locales comerciales,https://www.inmuebles24.com/locales-comerciales-en-venta-en-zapopan-q-remate.html,,,,,,,,,,,,,,,,,,,,,,,,,,,,,,,
Inmuebles24,Guadalajara,venta-r,Locales comerciales,https://www.inmuebles24.com/locales-comerciales-en-venta-en-guadalajara-q-remate.html,,,,,,,,,,,,,,,,,,,,,,,,,,,,,,,
Inmuebles24,San Pedro Tlaquepaque,venta-r,Locales comerciales,https://www.inmuebles24.com/locales-comerciales-en-venta-en-san-pedro-tlaquepaque-q-remate.html,,,,,,,,,,,,,,,,,,,,,,,,,,,,,,,
Inmuebles24,Tonal치,venta-r,Locales comerciales,https://www.inmuebles24.com/locales-comerciales-en-venta-en-tonala-q-remate.html,,,,,,,,,,,,,,,,,,,,,,,,,,,,,,,
Inmuebles24,Zapotlanejo,venta-r,Locales comerciales,https://www.inmuebles24.com/locales-comerciales-en-venta-en-zapotlanejo-q-remate.html,,,,,,,,,,,,,,,,,,,,,,,,,,,,,,,
Inmuebles24,Juanacatl치n,venta-r,Locales comerciales,https://www.inmuebles24.com/locales-comerciales-en-venta-en-juanacatlan-q-remate.html,,,,,,,,,,,,,,,,,,,,,,,,,,,,,,,
Inmuebles24,Ixtlahuac치n de los Membrillos,venta-r,Locales comerciales,https://www.inmuebles24.com/locales-comerciales-en-venta-en-ixtlahuacan-de-los-membrillos-q-remate.html,,,,,,,,,,,,,,,,,,,,,,,,,,,,,,,
Inmuebles24,El Salto,venta-r,Locales comerciales,https://www.inmuebles24.com/locales-comerciales-en-venta-en-el-salto-q-remate.html,,,,,,,,,,,,,,,,,,,,,,,,,,,,,,,
Inmuebles24,Tlajomulco de Zu침iga,venta-r,Locales comerciales,https://www.inmuebles24.com/locales-comerciales-en-venta-en-tlajomulco-de-zuniga-q-remate.html,,,,,,,,,,,,,,,,,,,,,,,,,,,,,,,
Inmuebles24,Zapopan,venta-r,Nave industrial,https://www.inmuebles24.com/nave-industrial-en-venta-en-zapopan-q-remate.html,,,,,,,,,,,,,,,,,,,,,,,,,,,,,,,
Inmuebles24,Guadalajara,venta-r,Nave industrial,https://www.inmuebles24.com/nave-industrial-en-venta-en-guadalajara-q-remate.html,,,,,,,,,,,,,,,,,,,,,,,,,,,,,,,
Inmuebles24,San Pedro Tlaquepaque,venta-r,Nave industrial,https://www.inmuebles24.com/nave-industrial-en-venta-en-san-pedro-tlaquepaque-q-remate.html,,,,,,,,,,,,,,,,,,,,,,,,,,,,,,,
Inmuebles24,Tonal치,venta-r,Nave industrial,https://www.inmuebles24.com/nave-industrial-en-venta-en-tonala-q-remate.html,,,,,,,,,,,,,,,,,,,,,,,,,,,,,,,
Inmuebles24,Zapotlanejo,venta-r,Nave industrial,https://www.inmuebles24.com/nave-industrial-en-venta-en-zapotlanejo-q-remate.html,,,,,,,,,,,,,,,,,,,,,,,,,,,,,,,
Inmuebles24,Juanacatl치n,venta-r,Nave industrial,https://www.inmuebles24.com/nave-industrial-en-venta-en-juanacatlan-q-remate.html,,,,,,,,,,,,,,,,,,,,,,,,,,,,,,,
Inmuebles24,Ixtlahuac치n de los Membrillos,venta-r,Nave industrial,https://www.inmuebles24.com/nave-industrial-en-venta-en-ixtlahuacan-de-los-membrillos-q-remate.html,,,,,,,,,,,,,,,,,,,,,,,,,,,,,,,
Inmuebles24,El Salto,venta-r,Nave industrial,https://www.inmuebles24.com/nave-industrial-en-venta-en-el-salto-q-remate.html,,,,,,,,,,,,,,,,,,,,,,,,,,,,,,,
Inmuebles24,Tlajomulco de Zu침iga,venta-r,Nave industrial,https://www.inmuebles24.com/nave-industrial-en-venta-en-tlajomulco-de-zuniga-q-remate.html,,,,,,,,,,,,,,,,,,,,,,,,,,,,,,,
Inmuebles24,Zapopan,venta-r,Oficinas,https://www.inmuebles24.com/oficinas-en-venta-en-zapopan-q-remate.html,,,,,,,,,,,,,,,,,,,,,,,,,,,,,,,
Inmuebles24,Guadalajara,venta-r,Oficinas,https://www.inmuebles24.com/oficinas-en-venta-en-guadalajara-q-remate.html,,,,,,,,,,,,,,,,,,,,,,,,,,,,,,,
Inmuebles24,San Pedro Tlaquepaque,venta-r,Oficinas,https://www.inmuebles24.com/oficinas-en-venta-en-san-pedro-tlaquepaque-q-remate.html,,,,,,,,,,,,,,,,,,,,,,,,,,,,,,,
Inmuebles24,Tonal치,venta-r,Oficinas,https://www.inmuebles24.com/oficinas-en-venta-en-tonala-q-remate.html,,,,,,,,,,,,,,,,,,,,,,,,,,,,,,,
Inmuebles24,Zapotlanejo,venta-r,Oficinas,https://www.inmuebles24.com/oficinas-en-venta-en-zapotlanejo-q-remate.html,,,,,,,,,,,,,,,,,,,,,,,,,,,,,,,
Inmuebles24,Juanacatl치n,venta-r,Oficinas,https://www.inmuebles24.com/oficinas-en-venta-en-juanacatlan-q-remate.html,,,,,,,,,,,,,,,,,,,,,,,,,,,,,,,
Inmuebles24,Ixtlahuac치n de los Membrillos,venta-r,Oficinas,https://www.inmuebles24.com/oficinas-en-venta-en-ixtlahuacan-de-los-membrillos-q-remate.html,,,,,,,,,,,,,,,,,,,,,,,,,,,,,,,
Inmuebles24,El Salto,venta-r,Oficinas,https://www.inmuebles24.com/oficinas-en-venta-en-el-salto-q-remate.html,,,,,,,,,,,,,,,,,,,,,,,,,,,,,,,
Inmuebles24,Tlajomulco de Zu침iga,venta-r,Oficinas,https://www.inmuebles24.com/oficinas-en-venta-en-tlajomulco-de-zuniga-q-remate.html,,,,,,,,,,,,,,,,,,,,,,,,,,,,,,,
Inmuebles24,Zapopan,venta-r,Quinta,https://www.inmuebles24.com/quinta-en-venta-en-zapopan-q-remate.html,,,,,,,,,,,,,,,,,,,,,,,,,,,,,,,
Inmuebles24,Guadalajara,venta-r,Quinta,https://www.inmuebles24.com/quinta-en-venta-en-guadalajara-q-remate.html,,,,,,,,,,,,,,,,,,,,,,,,,,,,,,,
Inmuebles24,San Pedro Tlaquepaque,venta-r,Quinta,https://www.inmuebles24.com/quinta-en-venta-en-san-pedro-tlaquepaque-q-remate.html,,,,,,,,,,,,,,,,,,,,,,,,,,,,,,,
Inmuebles24,Tonal치,venta-r,Quinta,https://www.inmuebles24.com/quinta-en-venta-en-tonala-q-remate.html,,,,,,,,,,,,,,,,,,,,,,,,,,,,,,,
Inmuebles24,Zapotlanejo,venta-r,Quinta,https://www.inmuebles24.com/quinta-en-venta-en-zapotlanejo-q-remate.html,,,,,,,,,,,,,,,,,,,,,,,,,,,,,,,
Inmuebles24,Juanacatl치n,venta-r,Quinta,https://www.inmuebles24.com/quinta-en-venta-en-juanacatlan-q-remate.html,,,,,,,,,,,,,,,,,,,,,,,,,,,,,,,
Inmuebles24,Ixtlahuac치n de los Membrillos,venta-r,Quinta,https://www.inmuebles24.com/quinta-en-venta-en-ixtlahuacan-de-los-membrillos-q-remate.html,,,,,,,,,,,,,,,,,,,,,,,,,,,,,,,
Inmuebles24,El Salto,venta-r,Quinta,https://www.inmuebles24.com/quinta-en-venta-en-el-salto-q-remate.html,,,,,,,,,,,,,,,,,,,,,,,,,,,,,,,
Inmuebles24,Tlajomulco de Zu침iga,venta-r,Quinta,https://www.inmuebles24.com/quinta-en-venta-en-tlajomulco-de-zuniga-q-remate.html,,,,,,,,,,,,,,,,,,,,,,,,,,,,,,,
Inmuebles24,Zapopan,venta-r,Terreno comercial,https://www.inmuebles24.com/terreno-comercial-en-venta-en-zapopan-q-remate.html,,,,,,,,,,,,,,,,,,,,,,,,,,,,,,,
Inmuebles24,Guadalajara,venta-r,Terreno comercial,https://www.inmuebles24.com/terreno-comercial-en-venta-en-guadalajara-q-remate.html,,,,,,,,,,,,,,,,,,,,,,,,,,,,,,,
Inmuebles24,San Pedro Tlaquepaque,venta-r,Terreno comercial,https://www.inmuebles24.com/terreno-comercial-en-venta-en-san-pedro-tlaquepaque-q-remate.html,,,,,,,,,,,,,,,,,,,,,,,,,,,,,,,
Inmuebles24,Tonal치,venta-r,Terreno comercial,https://www.inmuebles24.com/terreno-comercial-en-venta-en-tonala-q-remate.html,,,,,,,,,,,,,,,,,,,,,,,,,,,,,,,
Inmuebles24,Zapotlanejo,venta-r,Terreno comercial,https://www.inmuebles24.com/terreno-comercial-en-venta-en-zapotlanejo-q-remate.html,,,,,,,,,,,,,,,,,,,,,,,,,,,,,,,
Inmuebles24,Juanacatl치n,venta-r,Terreno comercial,https://www.inmuebles24.com/terreno-comercial-en-venta-en-juanacatlan-q-remate.html,,,,,,,,,,,,,,,,,,,,,,,,,,,,,,,
Inmuebles24,Ixtlahuac치n de los Membrillos,venta-r,Terreno comercial,https://www.inmuebles24.com/terreno-comercial-en-venta-en-ixtlahuacan-de-los-membrillos-q-remate.html,,,,,,,,,,,,,,,,,,,,,,,,,,,,,,,
Inmuebles24,El Salto,venta-r,Terreno comercial,https://www.inmuebles24.com/terreno-comercial-en-venta-en-el-salto-q-remate.html,,,,,,,,,,,,,,,,,,,,,,,,,,,,,,,
Inmuebles24,Tlajomulco de Zu침iga,venta-r,Terreno comercial,https://www.inmuebles24.com/terreno-comercial-en-venta-en-tlajomulco-de-zuniga-q-remate.html,,,,,,,,,,,,,,,,,,,,,,,,,,,,,,,
Inmuebles24,Zapopan,venta-r,Terreno industrial,https://www.inmuebles24.com/terreno-industrial-en-venta-en-zapopan-q-remate.html,,,,,,,,,,,,,,,,,,,,,,,,,,,,,,,
Inmuebles24,Guadalajara,venta-r,Terreno industrial,https://www.inmuebles24.com/terreno-industrial-en-venta-en-guadalajara-q-remate.html,,,,,,,,,,,,,,,,,,,,,,,,,,,,,,,
Inmuebles24,San Pedro Tlaquepaque,venta-r,Terreno industrial,https://www.inmuebles24.com/terreno-industrial-en-venta-en-san-pedro-tlaquepaque-q-remate.html,,,,,,,,,,,,,,,,,,,,,,,,,,,,,,,
Inmuebles24,Tonal치,venta-r,Terreno industrial,https://www.inmuebles24.com/terreno-industrial-en-venta-en-tonala-q-remate.html,,,,,,,,,,,,,,,,,,,,,,,,,,,,,,,
Inmuebles24,Zapotlanejo,venta-r,Terreno industrial,https://www.inmuebles24.com/terreno-industrial-en-venta-en-zapotlanejo-q-remate.html,,,,,,,,,,,,,,,,,,,,,,,,,,,,,,,
Inmuebles24,Juanacatl치n,venta-r,Terreno industrial,https://www.inmuebles24.com/terreno-industrial-en-venta-en-juanacatlan-q-remate.html,,,,,,,,,,,,,,,,,,,,,,,,,,,,,,,
Inmuebles24,Ixtlahuac치n de los Membrillos,venta-r,Terreno industrial,https://www.inmuebles24.com/terreno-industrial-en-venta-en-ixtlahuacan-de-los-membrillos-q-remate.html,,,,,,,,,,,,,,,,,,,,,,,,,,,,,,,
Inmuebles24,El Salto,venta-r,Terreno industrial,https://www.inmuebles24.com/terreno-industrial-en-venta-en-el-salto-q-remate.html,,,,,,,,,,,,,,,,,,,,,,,,,,,,,,,
Inmuebles24,Tlajomulco de Zu침iga,venta-r,Terreno industrial,https://www.inmuebles24.com/terreno-industrial-en-venta-en-tlajomulco-de-zuniga-q-remate.html,,,,,,,,,,,,,,,,,,,,,,,,,,,,,,,
Inmuebles24,Zapopan,venta-r,Terrenos,https://www.inmuebles24.com/terrenos-en-venta-en-zapopan-q-remate.html,,,,,,,,,,,,,,,,,,,,,,,,,,,,,,,
Inmuebles24,Guadalajara,venta-r,Terrenos,https://www.inmuebles24.com/terrenos-en-venta-en-guadalajara-q-remate.html,,,,,,,,,,,,,,,,,,,,,,,,,,,,,,,
Inmuebles24,San Pedro Tlaquepaque,venta-r,Terrenos,https://www.inmuebles24.com/terrenos-en-venta-en-san-pedro-tlaquepaque-q-remate.html,,,,,,,,,,,,,,,,,,,,,,,,,,,,,,,
Inmuebles24,Tonal치,venta-r,Terrenos,https://www.inmuebles24.com/terrenos-en-venta-en-tonala-q-remate.html,,,,,,,,,,,,,,,,,,,,,,,,,,,,,,,
Inmuebles24,Zapotlanejo,venta-r,Terrenos,https://www.inmuebles24.com/terrenos-en-venta-en-zapotlanejo-q-remate.html,,,,,,,,,,,,,,,,,,,,,,,,,,,,,,,
Inmuebles24,Juanacatl치n,venta-r,Terrenos,https://www.inmuebles24.com/terrenos-en-venta-en-juanacatlan-q-remate.html,,,,,,,,,,,,,,,,,,,,,,,,,,,,,,,
Inmuebles24,Ixtlahuac치n de los Membrillos,venta-r,Terrenos,https://www.inmuebles24.com/terrenos-en-venta-en-ixtlahuacan-de-los-membrillos-q-remate.html,,,,,,,,,,,,,,,,,,,,,,,,,,,,,,,
Inmuebles24,El Salto,venta-r,Terrenos,https://www.inmuebles24.com/terrenos-en-venta-en-el-salto-q-remate.html,,,,,,,,,,,,,,,,,,,,,,,,,,,,,,,
Inmuebles24,Tlajomulco de Zu침iga,venta-r,Terrenos,https://www.inmuebles24.com/terrenos-en-venta-en-tlajomulco-de-zuniga-q-remate.html,,,,,,,,,,,,,,,,,,,,,,,,,,,,,,,
Inmuebles24,Zapopan,venta-r,Villa,https://www.inmuebles24.com/villa-en-venta-en-zapopan-q-remate.html,,,,,,,,,,,,,,,,,,,,,,,,,,,,,,,
Inmuebles24,Guadalajara,venta-r,Villa,https://www.inmuebles24.com/villa-en-venta-en-guadalajara-q-remate.html,,,,,,,,,,,,,,,,,,,,,,,,,,,,,,,
Inmuebles24,San Pedro Tlaquepaque,venta-r,Villa,https://www.inmuebles24.com/villa-en-venta-en-san-pedro-tlaquepaque-q-remate.html,,,,,,,,,,,,,,,,,,,,,,,,,,,,,,,
Inmuebles24,Tonal치,venta-r,Villa,https://www.inmuebles24.com/villa-en-venta-en-tonala-q-remate.html,,,,,,,,,,,,,,,,,,,,,,,,,,,,,,,
Inmuebles24,Zapotlanejo,venta-r,Villa,https://www.inmuebles24.com/villa-en-venta-en-zapotlanejo-q-remate.html,,,,,,,,,,,,,,,,,,,,,,,,,,,,,,,
Inmuebles24,Juanacatl치n,venta-r,Villa,https://www.inmuebles24.com/villa-en-venta-en-juanacatlan-q-remate.html,,,,,,,,,,,,,,,,,,,,,,,,,,,,,,,
Inmuebles24,Ixtlahuac치n de los Membrillos,venta-r,Villa,https://www.inmuebles24.com/villa-en-venta-en-ixtlahuacan-de-los-membrillos-q-remate.html,,,,,,,,,,,,,,,,,,,,,,,,,,,,,,,
Inmuebles24,El Salto,venta-r,Villa,https://www.inmuebles24.com/villa-en-venta-en-el-salto-q-remate.html,,,,,,,,,,,,,,,,,,,,,,,,,,,,,,,
Inmuebles24,Tlajomulco de Zu침iga,venta-r,Villa,https://www.inmuebles24.com/villa-en-venta-en-tlajomulco-de-zuniga-q-remate.html,,,,,,,,,,,,,,,,,,,,,,,,,,,,,,,
Inmuebles24,Zapopan,renta,Bodegas comerciales,https://www.inmuebles24.com/bodegas-comerciales-en-renta-en-zapopan.html,,,,,,,,,,,,,,,,,,,,,,,,,,,,,,,
Inmuebles24,Guadalajara,renta,Bodegas comerciales,https://www.inmuebles24.com/bodegas-comerciales-en-renta-en-guadalajara.html,,,,,,,,,,,,,,,,,,,,,,,,,,,,,,,
Inmuebles24,San Pedro Tlaquepaque,renta,Bodegas comerciales,https://www.inmuebles24.com/bodegas-comerciales-en-renta-en-san-pedro-tlaquepaque.html,,,,,,,,,,,,,,,,,,,,,,,,,,,,,,,
Inmuebles24,Tonal치,renta,Bodegas comerciales,https://www.inmuebles24.com/bodegas-comerciales-en-renta-en-tonala.html,,,,,,,,,,,,,,,,,,,,,,,,,,,,,,,
Inmuebles24,Zapotlanejo,renta,Bodegas comerciales,https://www.inmuebles24.com/bodegas-comerciales-en-renta-en-zapotlanejo.html,,,,,,,,,,,,,,,,,,,,,,,,,,,,,,,
Inmuebles24,Juanacatl치n,renta,Bodegas comerciales,https://www.inmuebles24.com/bodegas-comerciales-en-renta-en-juanacatlan.html,,,,,,,,,,,,,,,,,,,,,,,,,,,,,,,
Inmuebles24,Ixtlahuac치n de los Membrillos,renta,Bodegas comerciales,https://www.inmuebles24.com/bodegas-comerciales-en-renta-en-ixtlahuacan-de-los-membrillos.html,,,,,,,,,,,,,,,,,,,,,,,,,,,,,,,
Inmuebles24,El Salto,renta,Bodegas comerciales,https://www.inmuebles24.com/bodegas-comerciales-en-renta-en-el-salto.html,,,,,,,,,,,,,,,,,,,,,,,,,,,,,,,
Inmuebles24,Tlajomulco de Zu침iga,renta,Bodegas comerciales,https://www.inmuebles24.com/bodegas-comerciales-en-renta-en-tlajomulco-de-zuniga.html,,,,,,,,,,,,,,,,,,,,,,,,,,,,,,,
Inmuebles24,Zapopan,renta,Casa en condominio,https://www.inmuebles24.com/casa-en-condominio-en-renta-en-zapopan.html,,,,,,,,,,,,,,,,,,,,,,,,,,,,,,,
Inmuebles24,Guadalajara,renta,Casa en condominio,https://www.inmuebles24.com/casa-en-condominio-en-renta-en-guadalajara.html,,,,,,,,,,,,,,,,,,,,,,,,,,,,,,,
Inmuebles24,San Pedro Tlaquepaque,renta,Casa en condominio,https://www.inmuebles24.com/casa-en-condominio-en-renta-en-san-pedro-tlaquepaque.html,,,,,,,,,,,,,,,,,,,,,,,,,,,,,,,
Inmuebles24,Tonal치,renta,Casa en condominio,https://www.inmuebles24.com/casa-en-condominio-en-renta-en-tonala.html,,,,,,,,,,,,,,,,,,,,,,,,,,,,,,,
Inmuebles24,Zapotlanejo,renta,Casa en condominio,https://www.inmuebles24.com/casa-en-condominio-en-renta-en-zapotlanejo.html,,,,,,,,,,,,,,,,,,,,,,,,,,,,,,,
Inmuebles24,Juanacatl치n,renta,Casa en condominio,https://www.inmuebles24.com/casa-en-condominio-en-renta-en-juanacatlan.html,,,,,,,,,,,,,,,,,,,,,,,,,,,,,,,
Inmuebles24,Ixtlahuac치n de los Membrillos,renta,Casa en condominio,https://www.inmuebles24.com/casa-en-condominio-en-renta-en-ixtlahuacan-de-los-membrillos.html,,,,,,,,,,,,,,,,,,,,,,,,,,,,,,,
Inmuebles24,El Salto,renta,Casa en condominio,https://www.inmuebles24.com/casa-en-condominio-en-renta-en-el-salto.html,,,,,,,,,,,,,,,,,,,,,,,,,,,,,,,
Inmuebles24,Tlajomulco de Zu침iga,renta,Casa en condominio,https://www.inmuebles24.com/casa-en-condominio-en-renta-en-tlajomulco-de-zuniga.html,,,,,,,,,,,,,,,,,,,,,,,,,,,,,,,
Inmuebles24,Zapopan,renta,Casa uso de suelo,https://www.inmuebles24.com/casa-uso-de-suelo-en-renta-en-zapopan.html,,,,,,,,,,,,,,,,,,,,,,,,,,,,,,,
Inmuebles24,Guadalajara,renta,Casa uso de suelo,https://www.inmuebles24.com/casa-uso-de-suelo-en-renta-en-guadalajara.html,,,,,,,,,,,,,,,,,,,,,,,,,,,,,,,
Inmuebles24,San Pedro Tlaquepaque,renta,Casa uso de suelo,https://www.inmuebles24.com/casa-uso-de-suelo-en-renta-en-san-pedro-tlaquepaque.html,,,,,,,,,,,,,,,,,,,,,,,,,,,,,,,
Inmuebles24,Tonal치,renta,Casa uso de suelo,https://www.inmuebles24.com/casa-uso-de-suelo-en-renta-en-tonala.html,,,,,,,,,,,,,,,,,,,,,,,,,,,,,,,
Inmuebles24,Zapotlanejo,renta,Casa uso de suelo,https://www.inmuebles24.com/casa-uso-de-suelo-en-renta-en-zapotlanejo.html,,,,,,,,,,,,,,,,,,,,,,,,,,,,,,,
Inmuebles24,Juanacatl치n,renta,Casa uso de suelo,https://www.inmuebles24.com/casa-uso-de-suelo-en-renta-en-juanacatlan.html,,,,,,,,,,,,,,,,,,,,,,,,,,,,,,,
Inmuebles24,Ixtlahuac치n de los Membrillos,renta,Casa uso de suelo,https://www.inmuebles24.com/casa-uso-de-suelo-en-renta-en-ixtlahuacan-de-los-membrillos.html,,,,,,,,,,,,,,,,,,,,,,,,,,,,,,,
Inmuebles24,El Salto,renta,Casa uso de suelo,https://www.inmuebles24.com/casa-uso-de-suelo-en-renta-en-el-salto.html,,,,,,,,,,,,,,,,,,,,,,,,,,,,,,,
Inmuebles24,Tlajomulco de Zu침iga,renta,Casa uso de suelo,https://www.inmuebles24.com/casa-uso-de-suelo-en-renta-en-tlajomulco-de-zuniga.html,,,,,,,,,,,,,,,,,,,,,,,,,,,,,,,
Inmuebles24,Zapopan,renta,Casas,https://www.inmuebles24.com/casas-en-renta-en-zapopan.html,,,,,,,,,,,,,,,,,,,,,,,,,,,,,,,
Inmuebles24,Guadalajara,renta,Casas,https://www.inmuebles24.com/casas-en-renta-en-guadalajara.html,,,,,,,,,,,,,,,,,,,,,,,,,,,,,,,
Inmuebles24,San Pedro Tlaquepaque,renta,Casas,https://www.inmuebles24.com/casas-en-renta-en-san-pedro-tlaquepaque.html,,,,,,,,,,,,,,,,,,,,,,,,,,,,,,,
Inmuebles24,Tonal치,renta,Casas,https://www.inmuebles24.com/casas-en-renta-en-tonala.html,,,,,,,,,,,,,,,,,,,,,,,,,,,,,,,
Inmuebles24,Zapotlanejo,renta,Casas,https://www.inmuebles24.com/casas-en-renta-en-zapotlanejo.html,,,,,,,,,,,,,,,,,,,,,,,,,,,,,,,
Inmuebles24,Juanacatl치n,renta,Casas,https://www.inmuebles24.com/casas-en-renta-en-juanacatlan.html,,,,,,,,,,,,,,,,,,,,,,,,,,,,,,,
Inmuebles24,Ixtlahuac치n de los Membrillos,renta,Casas,https://www.inmuebles24.com/casas-en-renta-en-ixtlahuacan-de-los-membrillos.html,,,,,,,,,,,,,,,,,,,,,,,,,,,,,,,
Inmuebles24,El Salto,renta,Casas,https://www.inmuebles24.com/casas-en-renta-en-el-salto.html,,,,,,,,,,,,,,,,,,,,,,,,,,,,,,,
Inmuebles24,Tlajomulco de Zu침iga,renta,Casas,https://www.inmuebles24.com/casas-en-renta-en-tlajomulco-de-zuniga.html,,,,,,,,,,,,,,,,,,,,,,,,,,,,,,,
Inmuebles24,Zapopan,renta,D칰plex,https://www.inmuebles24.com/duplex-en-renta-en-zapopan.html,,,,,,,,,,,,,,,,,,,,,,,,,,,,,,,
Inmuebles24,Guadalajara,renta,D칰plex,https://www.inmuebles24.com/duplex-en-renta-en-guadalajara.html,,,,,,,,,,,,,,,,,,,,,,,,,,,,,,,
Inmuebles24,San Pedro Tlaquepaque,renta,D칰plex,https://www.inmuebles24.com/duplex-en-renta-en-san-pedro-tlaquepaque.html,,,,,,,,,,,,,,,,,,,,,,,,,,,,,,,
Inmuebles24,Tonal치,renta,D칰plex,https://www.inmuebles24.com/duplex-en-renta-en-tonala.html,,,,,,,,,,,,,,,,,,,,,,,,,,,,,,,
Inmuebles24,Zapotlanejo,renta,D칰plex,https://www.inmuebles24.com/duplex-en-renta-en-zapotlanejo.html,,,,,,,,,,,,,,,,,,,,,,,,,,,,,,,
Inmuebles24,Juanacatl치n,renta,D칰plex,https://www.inmuebles24.com/duplex-en-renta-en-juanacatlan.html,,,,,,,,,,,,,,,,,,,,,,,,,,,,,,,
Inmuebles24,Ixtlahuac치n de los Membrillos,renta,D칰plex,https://www.inmuebles24.com/duplex-en-renta-en-ixtlahuacan-de-los-membrillos.html,,,,,,,,,,,,,,,,,,,,,,,,,,,,,,,
Inmuebles24,El Salto,renta,D칰plex,https://www.inmuebles24.com/duplex-en-renta-en-el-salto.html,,,,,,,,,,,,,,,,,,,,,,,,,,,,,,,
Inmuebles24,Tlajomulco de Zu침iga,renta,D칰plex,https://www.inmuebles24.com/duplex-en-renta-en-tlajomulco-de-zuniga.html,,,,,,,,,,,,,,,,,,,,,,,,,,,,,,,
Inmuebles24,Zapopan,renta,Departamento compartido,https://www.inmuebles24.com/departamento-compartido-en-renta-en-zapopan.html,,,,,,,,,,,,,,,,,,,,,,,,,,,,,,,
Inmuebles24,Guadalajara,renta,Departamento compartido,https://www.inmuebles24.com/departamento-compartido-en-renta-en-guadalajara.html,,,,,,,,,,,,,,,,,,,,,,,,,,,,,,,
Inmuebles24,San Pedro Tlaquepaque,renta,Departamento compartido,https://www.inmuebles24.com/departamento-compartido-en-renta-en-san-pedro-tlaquepaque.html,,,,,,,,,,,,,,,,,,,,,,,,,,,,,,,
Inmuebles24,Tonal치,renta,Departamento compartido,https://www.inmuebles24.com/departamento-compartido-en-renta-en-tonala.html,,,,,,,,,,,,,,,,,,,,,,,,,,,,,,,
Inmuebles24,Zapotlanejo,renta,Departamento compartido,https://www.inmuebles24.com/departamento-compartido-en-renta-en-zapotlanejo.html,,,,,,,,,,,,,,,,,,,,,,,,,,,,,,,
Inmuebles24,Juanacatl치n,renta,Departamento compartido,https://www.inmuebles24.com/departamento-compartido-en-renta-en-juanacatlan.html,,,,,,,,,,,,,,,,,,,,,,,,,,,,,,,
Inmuebles24,Ixtlahuac치n de los Membrillos,renta,Departamento compartido,https://www.inmuebles24.com/departamento-compartido-en-renta-en-ixtlahuacan-de-los-membrillos.html,,,,,,,,,,,,,,,,,,,,,,,,,,,,,,,
Inmuebles24,El Salto,renta,Departamento compartido,https://www.inmuebles24.com/departamento-compartido-en-renta-en-el-salto.html,,,,,,,,,,,,,,,,,,,,,,,,,,,,,,,
Inmuebles24,Tlajomulco de Zu침iga,renta,Departamento compartido,https://www.inmuebles24.com/departamento-compartido-en-renta-en-tlajomulco-de-zuniga.html,,,,,,,,,,,,,,,,,,,,,,,,,,,,,,,
Inmuebles24,Zapopan,renta,Departamentos,https://www.inmuebles24.com/departamentos-en-renta-en-zapopan.html,,,,,,,,,,,,,,,,,,,,,,,,,,,,,,,
Inmuebles24,Guadalajara,renta,Departamentos,https://www.inmuebles24.com/departamentos-en-renta-en-guadalajara.html,,,,,,,,,,,,,,,,,,,,,,,,,,,,,,,
Inmuebles24,San Pedro Tlaquepaque,renta,Departamentos,https://www.inmuebles24.com/departamentos-en-renta-en-san-pedro-tlaquepaque.html,,,,,,,,,,,,,,,,,,,,,,,,,,,,,,,
Inmuebles24,Tonal치,renta,Departamentos,https://www.inmuebles24.com/departamentos-en-renta-en-tonala.html,,,,,,,,,,,,,,,,,,,,,,,,,,,,,,,
Inmuebles24,Zapotlanejo,renta,Departamentos,https://www.inmuebles24.com/departamentos-en-renta-en-zapotlanejo.html,,,,,,,,,,,,,,,,,,,,,,,,,,,,,,,
Inmuebles24,Juanacatl치n,renta,Departamentos,https://www.inmuebles24.com/departamentos-en-renta-en-juanacatlan.html,,,,,,,,,,,,,,,,,,,,,,,,,,,,,,,
Inmuebles24,Ixtlahuac치n de los Membrillos,renta,Departamentos,https://www.inmuebles24.com/departamentos-en-renta-en-ixtlahuacan-de-los-membrillos.html,,,,,,,,,,,,,,,,,,,,,,,,,,,,,,,
Inmuebles24,El Salto,renta,Departamentos,https://www.inmuebles24.com/departamentos-en-renta-en-el-salto.html,,,,,,,,,,,,,,,,,,,,,,,,,,,,,,,
Inmuebles24,Tlajomulco de Zu침iga,renta,Departamentos,https://www.inmuebles24.com/departamentos-en-renta-en-tlajomulco-de-zuniga.html,,,,,,,,,,,,,,,,,,,,,,,,,,,,,,,
Inmuebles24,Zapopan,venta-d,Desarrollo horizontal,https://www.inmuebles24.com/desarrollo-horizontal-en-renta-en-zapopan.html,,,,,,,,,,,,,,,,,,,,,,,,,,,,,,,
Inmuebles24,Guadalajara,venta-d,Desarrollo horizontal,https://www.inmuebles24.com/desarrollo-horizontal-en-renta-en-guadalajara.html,,,,,,,,,,,,,,,,,,,,,,,,,,,,,,,
Inmuebles24,San Pedro Tlaquepaque,venta-d,Desarrollo horizontal,https://www.inmuebles24.com/desarrollo-horizontal-en-renta-en-san-pedro-tlaquepaque.html,,,,,,,,,,,,,,,,,,,,,,,,,,,,,,,
Inmuebles24,Tonal치,venta-d,Desarrollo horizontal,https://www.inmuebles24.com/desarrollo-horizontal-en-renta-en-tonala.html,,,,,,,,,,,,,,,,,,,,,,,,,,,,,,,
Inmuebles24,Zapotlanejo,venta-d,Desarrollo horizontal,https://www.inmuebles24.com/desarrollo-horizontal-en-renta-en-zapotlanejo.html,,,,,,,,,,,,,,,,,,,,,,,,,,,,,,,
Inmuebles24,Juanacatl치n,venta-d,Desarrollo horizontal,https://www.inmuebles24.com/desarrollo-horizontal-en-renta-en-juanacatlan.html,,,,,,,,,,,,,,,,,,,,,,,,,,,,,,,
Inmuebles24,Ixtlahuac치n de los Membrillos,venta-d,Desarrollo horizontal,https://www.inmuebles24.com/desarrollo-horizontal-en-renta-en-ixtlahuacan-de-los-membrillos.html,,,,,,,,,,,,,,,,,,,,,,,,,,,,,,,
Inmuebles24,El Salto,venta-d,Desarrollo horizontal,https://www.inmuebles24.com/desarrollo-horizontal-en-renta-en-el-salto.html,,,,,,,,,,,,,,,,,,,,,,,,,,,,,,,
Inmuebles24,Tlajomulco de Zu침iga,venta-d,Desarrollo horizontal,https://www.inmuebles24.com/desarrollo-horizontal-en-renta-en-tlajomulco-de-zuniga.html,,,,,,,,,,,,,,,,,,,,,,,,,,,,,,,
Inmuebles24,Zapopan,venta-d,Desarrollo horizontal/vertical,https://www.inmuebles24.com/desarrollo-horizontal-vertical-en-renta-en-zapopan.html,,,,,,,,,,,,,,,,,,,,,,,,,,,,,,,
Inmuebles24,Guadalajara,venta-d,Desarrollo horizontal/vertical,https://www.inmuebles24.com/desarrollo-horizontal-vertical-en-renta-en-guadalajara.html,,,,,,,,,,,,,,,,,,,,,,,,,,,,,,,
Inmuebles24,San Pedro Tlaquepaque,venta-d,Desarrollo horizontal/vertical,https://www.inmuebles24.com/desarrollo-horizontal-vertical-en-renta-en-san-pedro-tlaquepaque.html,,,,,,,,,,,,,,,,,,,,,,,,,,,,,,,
Inmuebles24,Tonal치,venta-d,Desarrollo horizontal/vertical,https://www.inmuebles24.com/desarrollo-horizontal-vertical-en-renta-en-tonala.html,,,,,,,,,,,,,,,,,,,,,,,,,,,,,,,
Inmuebles24,Zapotlanejo,venta-d,Desarrollo horizontal/vertical,https://www.inmuebles24.com/desarrollo-horizontal-vertical-en-renta-en-zapotlanejo.html,,,,,,,,,,,,,,,,,,,,,,,,,,,,,,,
Inmuebles24,Juanacatl치n,venta-d,Desarrollo horizontal/vertical,https://www.inmuebles24.com/desarrollo-horizontal-vertical-en-renta-en-juanacatlan.html,,,,,,,,,,,,,,,,,,,,,,,,,,,,,,,
Inmuebles24,Ixtlahuac치n de los Membrillos,venta-d,Desarrollo horizontal/vertical,https://www.inmuebles24.com/desarrollo-horizontal-vertical-en-renta-en-ixtlahuacan-de-los-membrillos.html,,,,,,,,,,,,,,,,,,,,,,,,,,,,,,,
Inmuebles24,El Salto,venta-d,Desarrollo horizontal/vertical,https://www.inmuebles24.com/desarrollo-horizontal-vertical-en-renta-en-el-salto.html,,,,,,,,,,,,,,,,,,,,,,,,,,,,,,,
Inmuebles24,Tlajomulco de Zu침iga,venta-d,Desarrollo horizontal/vertical,https://www.inmuebles24.com/desarrollo-horizontal-vertical-en-renta-en-tlajomulco-de-zuniga.html,,,,,,,,,,,,,,,,,,,,,,,,,,,,,,,
Inmuebles24,Zapopan,renta,Desarrollo vertical,https://www.inmuebles24.com/desarrollo-vertical-en-renta-en-zapopan.html,,,,,,,,,,,,,,,,,,,,,,,,,,,,,,,
Inmuebles24,Guadalajara,renta,Desarrollo vertical,https://www.inmuebles24.com/desarrollo-vertical-en-renta-en-guadalajara.html,,,,,,,,,,,,,,,,,,,,,,,,,,,,,,,
Inmuebles24,San Pedro Tlaquepaque,renta,Desarrollo vertical,https://www.inmuebles24.com/desarrollo-vertical-en-renta-en-san-pedro-tlaquepaque.html,,,,,,,,,,,,,,,,,,,,,,,,,,,,,,,
Inmuebles24,Tonal치,renta,Desarrollo vertical,https://www.inmuebles24.com/desarrollo-vertical-en-renta-en-tonala.html,,,,,,,,,,,,,,,,,,,,,,,,,,,,,,,
Inmuebles24,Zapotlanejo,renta,Desarrollo vertical,https://www.inmuebles24.com/desarrollo-vertical-en-renta-en-zapotlanejo.html,,,,,,,,,,,,,,,,,,,,,,,,,,,,,,,
Inmuebles24,Juanacatl치n,renta,Desarrollo vertical,https://www.inmuebles24.com/desarrollo-vertical-en-renta-en-juanacatlan.html,,,,,,,,,,,,,,,,,,,,,,,,,,,,,,,
Inmuebles24,Ixtlahuac치n de los Membrillos,renta,Desarrollo vertical,https://www.inmuebles24.com/desarrollo-vertical-en-renta-en-ixtlahuacan-de-los-membrillos.html,,,,,,,,,,,,,,,,,,,,,,,,,,,,,,,
Inmuebles24,El Salto,renta,Desarrollo vertical,https://www.inmuebles24.com/desarrollo-vertical-en-renta-en-el-salto.html,,,,,,,,,,,,,,,,,,,,,,,,,,,,,,,
Inmuebles24,Tlajomulco de Zu침iga,renta,Desarrollo vertical,https://www.inmuebles24.com/desarrollo-vertical-en-renta-en-tlajomulco-de-zuniga.html,,,,,,,,,,,,,,,,,,,,,,,,,,,,,,,
Inmuebles24,Zapopan,renta,Edificio,https://www.inmuebles24.com/edificio-en-renta-en-zapopan.html,,,,,,,,,,,,,,,,,,,,,,,,,,,,,,,
Inmuebles24,Guadalajara,renta,Edificio,https://www.inmuebles24.com/edificio-en-renta-en-guadalajara.html,,,,,,,,,,,,,,,,,,,,,,,,,,,,,,,
Inmuebles24,San Pedro Tlaquepaque,renta,Edificio,https://www.inmuebles24.com/edificio-en-renta-en-san-pedro-tlaquepaque.html,,,,,,,,,,,,,,,,,,,,,,,,,,,,,,,
Inmuebles24,Tonal치,renta,Edificio,https://www.inmuebles24.com/edificio-en-renta-en-tonala.html,,,,,,,,,,,,,,,,,,,,,,,,,,,,,,,
Inmuebles24,Zapotlanejo,renta,Edificio,https://www.inmuebles24.com/edificio-en-renta-en-zapotlanejo.html,,,,,,,,,,,,,,,,,,,,,,,,,,,,,,,
Inmuebles24,Juanacatl치n,renta,Edificio,https://www.inmuebles24.com/edificio-en-renta-en-juanacatlan.html,,,,,,,,,,,,,,,,,,,,,,,,,,,,,,,
Inmuebles24,Ixtlahuac치n de los Membrillos,renta,Edificio,https://www.inmuebles24.com/edificio-en-renta-en-ixtlahuacan-de-los-membrillos.html,,,,,,,,,,,,,,,,,,,,,,,,,,,,,,,
Inmuebles24,El Salto,renta,Edificio,https://www.inmuebles24.com/edificio-en-renta-en-el-salto.html,,,,,,,,,,,,,,,,,,,,,,,,,,,,,,,
Inmuebles24,Tlajomulco de Zu침iga,renta,Edificio,https://www.inmuebles24.com/edificio-en-renta-en-tlajomulco-de-zuniga.html,,,,,,,,,,,,,,,,,,,,,,,,,,,,,,,
Inmuebles24,Zapopan,renta,Huerta,https://www.inmuebles24.com/huerta-en-renta-en-zapopan.html,,,,,,,,,,,,,,,,,,,,,,,,,,,,,,,
Inmuebles24,Guadalajara,renta,Huerta,https://www.inmuebles24.com/huerta-en-renta-en-guadalajara.html,,,,,,,,,,,,,,,,,,,,,,,,,,,,,,,
Inmuebles24,San Pedro Tlaquepaque,renta,Huerta,https://www.inmuebles24.com/huerta-en-renta-en-san-pedro-tlaquepaque.html,,,,,,,,,,,,,,,,,,,,,,,,,,,,,,,
Inmuebles24,Tonal치,renta,Huerta,https://www.inmuebles24.com/huerta-en-renta-en-tonala.html,,,,,,,,,,,,,,,,,,,,,,,,,,,,,,,
Inmuebles24,Zapotlanejo,renta,Huerta,https://www.inmuebles24.com/huerta-en-renta-en-zapotlanejo.html,,,,,,,,,,,,,,,,,,,,,,,,,,,,,,,
Inmuebles24,Juanacatl치n,renta,Huerta,https://www.inmuebles24.com/huerta-en-renta-en-juanacatlan.html,,,,,,,,,,,,,,,,,,,,,,,,,,,,,,,
Inmuebles24,Ixtlahuac치n de los Membrillos,renta,Huerta,https://www.inmuebles24.com/huerta-en-renta-en-ixtlahuacan-de-los-membrillos.html,,,,,,,,,,,,,,,,,,,,,,,,,,,,,,,
Inmuebles24,El Salto,renta,Huerta,https://www.inmuebles24.com/huerta-en-renta-en-el-salto.html,,,,,,,,,,,,,,,,,,,,,,,,,,,,,,,
Inmuebles24,Tlajomulco de Zu침iga,renta,Huerta,https://www.inmuebles24.com/huerta-en-renta-en-tlajomulco-de-zuniga.html,,,,,,,,,,,,,,,,,,,,,,,,,,,,,,,
Inmuebles24,Zapopan,renta,Inmueble productivo urbano,https://www.inmuebles24.com/inmueble-productivo-urbano-en-renta-en-zapopan.html,,,,,,,,,,,,,,,,,,,,,,,,,,,,,,,
Inmuebles24,Guadalajara,renta,Inmueble productivo urbano,https://www.inmuebles24.com/inmueble-productivo-urbano-en-renta-en-guadalajara.html,,,,,,,,,,,,,,,,,,,,,,,,,,,,,,,
Inmuebles24,San Pedro Tlaquepaque,renta,Inmueble productivo urbano,https://www.inmuebles24.com/inmueble-productivo-urbano-en-renta-en-san-pedro-tlaquepaque.html,,,,,,,,,,,,,,,,,,,,,,,,,,,,,,,
Inmuebles24,Tonal치,renta,Inmueble productivo urbano,https://www.inmuebles24.com/inmueble-productivo-urbano-en-renta-en-tonala.html,,,,,,,,,,,,,,,,,,,,,,,,,,,,,,,
Inmuebles24,Zapotlanejo,renta,Inmueble productivo urbano,https://www.inmuebles24.com/inmueble-productivo-urbano-en-renta-en-zapotlanejo.html,,,,,,,,,,,,,,,,,,,,,,,,,,,,,,,
Inmuebles24,Juanacatl치n,renta,Inmueble productivo urbano,https://www.inmuebles24.com/inmueble-productivo-urbano-en-renta-en-juanacatlan.html,,,,,,,,,,,,,,,,,,,,,,,,,,,,,,,
Inmuebles24,Ixtlahuac치n de los Membrillos,renta,Inmueble productivo urbano,https://www.inmuebles24.com/inmueble-productivo-urbano-en-renta-en-ixtlahuacan-de-los-membrillos.html,,,,,,,,,,,,,,,,,,,,,,,,,,,,,,,
Inmuebles24,El Salto,renta,Inmueble productivo urbano,https://www.inmuebles24.com/inmueble-productivo-urbano-en-renta-en-el-salto.html,,,,,,,,,,,,,,,,,,,,,,,,,,,,,,,
Inmuebles24,Tlajomulco de Zu침iga,renta,Inmueble productivo urbano,https://www.inmuebles24.com/inmueble-productivo-urbano-en-renta-en-tlajomulco-de-zuniga.html,,,,,,,,,,,,,,,,,,,,,,,,,,,,,,,
Inmuebles24,Zapopan,renta,Local en centro comercial,https://www.inmuebles24.com/local-en-centro-comercial-en-renta-en-zapopan.html,,,,,,,,,,,,,,,,,,,,,,,,,,,,,,,
Inmuebles24,Guadalajara,renta,Local en centro comercial,https://www.inmuebles24.com/local-en-centro-comercial-en-renta-en-guadalajara.html,,,,,,,,,,,,,,,,,,,,,,,,,,,,,,,
Inmuebles24,San Pedro Tlaquepaque,renta,Local en centro comercial,https://www.inmuebles24.com/local-en-centro-comercial-en-renta-en-san-pedro-tlaquepaque.html,,,,,,,,,,,,,,,,,,,,,,,,,,,,,,,
Inmuebles24,Tonal치,renta,Local en centro comercial,https://www.inmuebles24.com/local-en-centro-comercial-en-renta-en-tonala.html,,,,,,,,,,,,,,,,,,,,,,,,,,,,,,,
Inmuebles24,Zapotlanejo,renta,Local en centro comercial,https://www.inmuebles24.com/local-en-centro-comercial-en-renta-en-zapotlanejo.html,,,,,,,,,,,,,,,,,,,,,,,,,,,,,,,
Inmuebles24,Juanacatl치n,renta,Local en centro comercial,https://www.inmuebles24.com/local-en-centro-comercial-en-renta-en-juanacatlan.html,,,,,,,,,,,,,,,,,,,,,,,,,,,,,,,
Inmuebles24,Ixtlahuac치n de los Membrillos,renta,Local en centro comercial,https://www.inmuebles24.com/local-en-centro-comercial-en-renta-en-ixtlahuacan-de-los-membrillos.html,,,,,,,,,,,,,,,,,,,,,,,,,,,,,,,
Inmuebles24,El Salto,renta,Local en centro comercial,https://www.inmuebles24.com/local-en-centro-comercial-en-renta-en-el-salto.html,,,,,,,,,,,,,,,,,,,,,,,,,,,,,,,
Inmuebles24,Tlajomulco de Zu침iga,renta,Local en centro comercial,https://www.inmuebles24.com/local-en-centro-comercial-en-renta-en-tlajomulco-de-zuniga.html,,,,,,,,,,,,,,,,,,,,,,,,,,,,,,,
Inmuebles24,Zapopan,renta,Locales comerciales,https://www.inmuebles24.com/locales-comerciales-en-renta-en-zapopan.html,,,,,,,,,,,,,,,,,,,,,,,,,,,,,,,
Inmuebles24,Guadalajara,renta,Locales comerciales,https://www.inmuebles24.com/locales-comerciales-en-renta-en-guadalajara.html,,,,,,,,,,,,,,,,,,,,,,,,,,,,,,,
Inmuebles24,San Pedro Tlaquepaque,renta,Locales comerciales,https://www.inmuebles24.com/locales-comerciales-en-renta-en-san-pedro-tlaquepaque.html,,,,,,,,,,,,,,,,,,,,,,,,,,,,,,,
Inmuebles24,Tonal치,renta,Locales comerciales,https://www.inmuebles24.com/locales-comerciales-en-renta-en-tonala.html,,,,,,,,,,,,,,,,,,,,,,,,,,,,,,,
Inmuebles24,Zapotlanejo,renta,Locales comerciales,https://www.inmuebles24.com/locales-comerciales-en-renta-en-zapotlanejo.html,,,,,,,,,,,,,,,,,,,,,,,,,,,,,,,
Inmuebles24,Juanacatl치n,renta,Locales comerciales,https://www.inmuebles24.com/locales-comerciales-en-renta-en-juanacatlan.html,,,,,,,,,,,,,,,,,,,,,,,,,,,,,,,
Inmuebles24,Ixtlahuac치n de los Membrillos,renta,Locales comerciales,https://www.inmuebles24.com/locales-comerciales-en-renta-en-ixtlahuacan-de-los-membrillos.html,,,,,,,,,,,,,,,,,,,,,,,,,,,,,,,
Inmuebles24,El Salto,renta,Locales comerciales,https://www.inmuebles24.com/locales-comerciales-en-renta-en-el-salto.html,,,,,,,,,,,,,,,,,,,,,,,,,,,,,,,
Inmuebles24,Tlajomulco de Zu침iga,renta,Locales comerciales,https://www.inmuebles24.com/locales-comerciales-en-renta-en-tlajomulco-de-zuniga.html,,,,,,,,,,,,,,,,,,,,,,,,,,,,,,,
Inmuebles24,Zapopan,renta,Nave industrial,https://www.inmuebles24.com/nave-industrial-en-renta-en-zapopan.html,,,,,,,,,,,,,,,,,,,,,,,,,,,,,,,
Inmuebles24,Guadalajara,renta,Nave industrial,https://www.inmuebles24.com/nave-industrial-en-renta-en-guadalajara.html,,,,,,,,,,,,,,,,,,,,,,,,,,,,,,,
Inmuebles24,San Pedro Tlaquepaque,renta,Nave industrial,https://www.inmuebles24.com/nave-industrial-en-renta-en-san-pedro-tlaquepaque.html,,,,,,,,,,,,,,,,,,,,,,,,,,,,,,,
Inmuebles24,Tonal치,renta,Nave industrial,https://www.inmuebles24.com/nave-industrial-en-renta-en-tonala.html,,,,,,,,,,,,,,,,,,,,,,,,,,,,,,,
Inmuebles24,Zapotlanejo,renta,Nave industrial,https://www.inmuebles24.com/nave-industrial-en-renta-en-zapotlanejo.html,,,,,,,,,,,,,,,,,,,,,,,,,,,,,,,
Inmuebles24,Juanacatl치n,renta,Nave industrial,https://www.inmuebles24.com/nave-industrial-en-renta-en-juanacatlan.html,,,,,,,,,,,,,,,,,,,,,,,,,,,,,,,
Inmuebles24,Ixtlahuac치n de los Membrillos,renta,Nave industrial,https://www.inmuebles24.com/nave-industrial-en-renta-en-ixtlahuacan-de-los-membrillos.html,,,,,,,,,,,,,,,,,,,,,,,,,,,,,,,
Inmuebles24,El Salto,renta,Nave industrial,https://www.inmuebles24.com/nave-industrial-en-renta-en-el-salto.html,,,,,,,,,,,,,,,,,,,,,,,,,,,,,,,
Inmuebles24,Tlajomulco de Zu침iga,renta,Nave industrial,https://www.inmuebles24.com/nave-industrial-en-renta-en-tlajomulco-de-zuniga.html,,,,,,,,,,,,,,,,,,,,,,,,,,,,,,,
Inmuebles24,Zapopan,renta,Oficinas,https://www.inmuebles24.com/oficinas-en-renta-en-zapopan.html,,,,,,,,,,,,,,,,,,,,,,,,,,,,,,,
Inmuebles24,Guadalajara,renta,Oficinas,https://www.inmuebles24.com/oficinas-en-renta-en-guadalajara.html,,,,,,,,,,,,,,,,,,,,,,,,,,,,,,,
Inmuebles24,San Pedro Tlaquepaque,renta,Oficinas,https://www.inmuebles24.com/oficinas-en-renta-en-san-pedro-tlaquepaque.html,,,,,,,,,,,,,,,,,,,,,,,,,,,,,,,
Inmuebles24,Tonal치,renta,Oficinas,https://www.inmuebles24.com/oficinas-en-renta-en-tonala.html,,,,,,,,,,,,,,,,,,,,,,,,,,,,,,,
Inmuebles24,Zapotlanejo,renta,Oficinas,https://www.inmuebles24.com/oficinas-en-renta-en-zapotlanejo.html,,,,,,,,,,,,,,,,,,,,,,,,,,,,,,,
Inmuebles24,Juanacatl치n,renta,Oficinas,https://www.inmuebles24.com/oficinas-en-renta-en-juanacatlan.html,,,,,,,,,,,,,,,,,,,,,,,,,,,,,,,
Inmuebles24,Ixtlahuac치n de los Membrillos,renta,Oficinas,https://www.inmuebles24.com/oficinas-en-renta-en-ixtlahuacan-de-los-membrillos.html,,,,,,,,,,,,,,,,,,,,,,,,,,,,,,,
Inmuebles24,El Salto,renta,Oficinas,https://www.inmuebles24.com/oficinas-en-renta-en-el-salto.html,,,,,,,,,,,,,,,,,,,,,,,,,,,,,,,
Inmuebles24,Tlajomulco de Zu침iga,renta,Oficinas,https://www.inmuebles24.com/oficinas-en-renta-en-tlajomulco-de-zuniga.html,,,,,,,,,,,,,,,,,,,,,,,,,,,,,,,
Inmuebles24,Zapopan,renta,Quinta,https://www.inmuebles24.com/quinta-en-renta-en-zapopan.html,,,,,,,,,,,,,,,,,,,,,,,,,,,,,,,
Inmuebles24,Guadalajara,renta,Quinta,https://www.inmuebles24.com/quinta-en-renta-en-guadalajara.html,,,,,,,,,,,,,,,,,,,,,,,,,,,,,,,
Inmuebles24,San Pedro Tlaquepaque,renta,Quinta,https://www.inmuebles24.com/quinta-en-renta-en-san-pedro-tlaquepaque.html,,,,,,,,,,,,,,,,,,,,,,,,,,,,,,,
Inmuebles24,Tonal치,renta,Quinta,https://www.inmuebles24.com/quinta-en-renta-en-tonala.html,,,,,,,,,,,,,,,,,,,,,,,,,,,,,,,
Inmuebles24,Zapotlanejo,renta,Quinta,https://www.inmuebles24.com/quinta-en-renta-en-zapotlanejo.html,,,,,,,,,,,,,,,,,,,,,,,,,,,,,,,
Inmuebles24,Juanacatl치n,renta,Quinta,https://www.inmuebles24.com/quinta-en-renta-en-juanacatlan.html,,,,,,,,,,,,,,,,,,,,,,,,,,,,,,,
Inmuebles24,Ixtlahuac치n de los Membrillos,renta,Quinta,https://www.inmuebles24.com/quinta-en-renta-en-ixtlahuacan-de-los-membrillos.html,,,,,,,,,,,,,,,,,,,,,,,,,,,,,,,
Inmuebles24,El Salto,renta,Quinta,https://www.inmuebles24.com/quinta-en-renta-en-el-salto.html,,,,,,,,,,,,,,,,,,,,,,,,,,,,,,,
Inmuebles24,Tlajomulco de Zu침iga,renta,Quinta,https://www.inmuebles24.com/quinta-en-renta-en-tlajomulco-de-zuniga.html,,,,,,,,,,,,,,,,,,,,,,,,,,,,,,,
Inmuebles24,Zapopan,renta,Terreno comercial,https://www.inmuebles24.com/terreno-comercial-en-renta-en-zapopan.html,,,,,,,,,,,,,,,,,,,,,,,,,,,,,,,
Inmuebles24,Guadalajara,renta,Terreno comercial,https://www.inmuebles24.com/terreno-comercial-en-renta-en-guadalajara.html,,,,,,,,,,,,,,,,,,,,,,,,,,,,,,,
Inmuebles24,San Pedro Tlaquepaque,renta,Terreno comercial,https://www.inmuebles24.com/terreno-comercial-en-renta-en-san-pedro-tlaquepaque.html,,,,,,,,,,,,,,,,,,,,,,,,,,,,,,,
Inmuebles24,Tonal치,renta,Terreno comercial,https://www.inmuebles24.com/terreno-comercial-en-renta-en-tonala.html,,,,,,,,,,,,,,,,,,,,,,,,,,,,,,,
Inmuebles24,Zapotlanejo,renta,Terreno comercial,https://www.inmuebles24.com/terreno-comercial-en-renta-en-zapotlanejo.html,,,,,,,,,,,,,,,,,,,,,,,,,,,,,,,
Inmuebles24,Juanacatl치n,renta,Terreno comercial,https://www.inmuebles24.com/terreno-comercial-en-renta-en-juanacatlan.html,,,,,,,,,,,,,,,,,,,,,,,,,,,,,,,
Inmuebles24,Ixtlahuac치n de los Membrillos,renta,Terreno comercial,https://www.inmuebles24.com/terreno-comercial-en-renta-en-ixtlahuacan-de-los-membrillos.html,,,,,,,,,,,,,,,,,,,,,,,,,,,,,,,
Inmuebles24,El Salto,renta,Terreno comercial,https://www.inmuebles24.com/terreno-comercial-en-renta-en-el-salto.html,,,,,,,,,,,,,,,,,,,,,,,,,,,,,,,
Inmuebles24,Tlajomulco de Zu침iga,renta,Terreno comercial,https://www.inmuebles24.com/terreno-comercial-en-renta-en-tlajomulco-de-zuniga.html,,,,,,,,,,,,,,,,,,,,,,,,,,,,,,,
Inmuebles24,Zapopan,renta,Terreno industrial,https://www.inmuebles24.com/terreno-industrial-en-renta-en-zapopan.html,,,,,,,,,,,,,,,,,,,,,,,,,,,,,,,
Inmuebles24,Guadalajara,renta,Terreno industrial,https://www.inmuebles24.com/terreno-industrial-en-renta-en-guadalajara.html,,,,,,,,,,,,,,,,,,,,,,,,,,,,,,,
Inmuebles24,San Pedro Tlaquepaque,renta,Terreno industrial,https://www.inmuebles24.com/terreno-industrial-en-renta-en-san-pedro-tlaquepaque.html,,,,,,,,,,,,,,,,,,,,,,,,,,,,,,,
Inmuebles24,Tonal치,renta,Terreno industrial,https://www.inmuebles24.com/terreno-industrial-en-renta-en-tonala.html,,,,,,,,,,,,,,,,,,,,,,,,,,,,,,,
Inmuebles24,Zapotlanejo,renta,Terreno industrial,https://www.inmuebles24.com/terreno-industrial-en-renta-en-zapotlanejo.html,,,,,,,,,,,,,,,,,,,,,,,,,,,,,,,
Inmuebles24,Juanacatl치n,renta,Terreno industrial,https://www.inmuebles24.com/terreno-industrial-en-renta-en-juanacatlan.html,,,,,,,,,,,,,,,,,,,,,,,,,,,,,,,
Inmuebles24,Ixtlahuac치n de los Membrillos,renta,Terreno industrial,https://www.inmuebles24.com/terreno-industrial-en-renta-en-ixtlahuacan-de-los-membrillos.html,,,,,,,,,,,,,,,,,,,,,,,,,,,,,,,
Inmuebles24,El Salto,renta,Terreno industrial,https://www.inmuebles24.com/terreno-industrial-en-renta-en-el-salto.html,,,,,,,,,,,,,,,,,,,,,,,,,,,,,,,
Inmuebles24,Tlajomulco de Zu침iga,renta,Terreno industrial,https://www.inmuebles24.com/terreno-industrial-en-renta-en-tlajomulco-de-zuniga.html,,,,,,,,,,,,,,,,,,,,,,,,,,,,,,,
Inmuebles24,Zapopan,renta,Terrenos,https://www.inmuebles24.com/terrenos-en-renta-en-zapopan.html,,,,,,,,,,,,,,,,,,,,,,,,,,,,,,,
Inmuebles24,Guadalajara,renta,Terrenos,https://www.inmuebles24.com/terrenos-en-renta-en-guadalajara.html,,,,,,,,,,,,,,,,,,,,,,,,,,,,,,,
Inmuebles24,San Pedro Tlaquepaque,renta,Terrenos,https://www.inmuebles24.com/terrenos-en-renta-en-san-pedro-tlaquepaque.html,,,,,,,,,,,,,,,,,,,,,,,,,,,,,,,
Inmuebles24,Tonal치,renta,Terrenos,https://www.inmuebles24.com/terrenos-en-renta-en-tonala.html,,,,,,,,,,,,,,,,,,,,,,,,,,,,,,,
Inmuebles24,Zapotlanejo,renta,Terrenos,https://www.inmuebles24.com/terrenos-en-renta-en-zapotlanejo.html,,,,,,,,,,,,,,,,,,,,,,,,,,,,,,,
Inmuebles24,Juanacatl치n,renta,Terrenos,https://www.inmuebles24.com/terrenos-en-renta-en-juanacatlan.html,,,,,,,,,,,,,,,,,,,,,,,,,,,,,,,
Inmuebles24,Ixtlahuac치n de los Membrillos,renta,Terrenos,https://www.inmuebles24.com/terrenos-en-renta-en-ixtlahuacan-de-los-membrillos.html,,,,,,,,,,,,,,,,,,,,,,,,,,,,,,,
Inmuebles24,El Salto,renta,Terrenos,https://www.inmuebles24.com/terrenos-en-renta-en-el-salto.html,,,,,,,,,,,,,,,,,,,,,,,,,,,,,,,
Inmuebles24,Tlajomulco de Zu침iga,renta,Terrenos,https://www.inmuebles24.com/terrenos-en-renta-en-tlajomulco-de-zuniga.html,,,,,,,,,,,,,,,,,,,,,,,,,,,,,,,
Inmuebles24,Zapopan,renta,Villa,https://www.inmuebles24.com/villa-en-renta-en-zapopan.html,,,,,,,,,,,,,,,,,,,,,,,,,,,,,,,
Inmuebles24,Guadalajara,renta,Villa,https://www.inmuebles24.com/villa-en-renta-en-guadalajara.html,,,,,,,,,,,,,,,,,,,,,,,,,,,,,,,
Inmuebles24,San Pedro Tlaquepaque,renta,Villa,https://www.inmuebles24.com/villa-en-renta-en-san-pedro-tlaquepaque.html,,,,,,,,,,,,,,,,,,,,,,,,,,,,,,,
Inmuebles24,Tonal치,renta,Villa,https://www.inmuebles24.com/villa-en-renta-en-tonala.html,,,,,,,,,,,,,,,,,,,,,,,,,,,,,,,
Inmuebles24,Zapotlanejo,renta,Villa,https://www.inmuebles24.com/villa-en-renta-en-zapotlanejo.html,,,,,,,,,,,,,,,,,,,,,,,,,,,,,,,
Inmuebles24,Juanacatl치n,renta,Villa,https://www.inmuebles24.com/villa-en-renta-en-juanacatlan.html,,,,,,,,,,,,,,,,,,,,,,,,,,,,,,,
Inmuebles24,Ixtlahuac치n de los Membrillos,renta,Villa,https://www.inmuebles24.com/villa-en-renta-en-ixtlahuacan-de-los-membrillos.html,,,,,,,,,,,,,,,,,,,,,,,,,,,,,,,
Inmuebles24,El Salto,renta,Villa,https://www.inmuebles24.com/villa-en-renta-en-el-salto.html,,,,,,,,,,,,,,,,,,,,,,,,,,,,,,,
Inmuebles24,Tlajomulco de Zu침iga,renta,Villa,https://www.inmuebles24.com/villa-en-renta-en-tlajomulco-de-zuniga.html,,,,,,,,,,,,,,,,,,,,,,,,,,,,,,,
