PaginaWeb,Ciudad,Operaci蚤,ProductoPaginaWeb,URL,ago25_2,sep25_1,sep25_2,oct25_1,oct25_2,nov25_1,nov25_2,dic25_1,dic25_2,ene25_1,ene25_2,feb25_1,feb25_2,mar25_1,mar25_2,abr25_1,abr25_2,may25_1,may25_2,jun25_1,jun25_2,jul25_1,jul25_2,ago25_1,ago25_2,sep25_1,sep25_2
Casas_y_terrenos,Guadalajara,Venta,Casas,https://www.lamudi.com.mx/jalisco/guadalajara/casa/for-sale/,,,,,,,,,,,,,,,,,,,,,,,,,,,
Casas_y_terrenos,Guadalajara,Renta,Casas,https://www.lamudi.com.mx/jalisco/guadalajara/casa/for-rent/,,,,,,,,,,,,,,,,,,,,,,,,,,,
Casas_y_terrenos,Guadalajara,Venta,Consultorios,https://www.lamudi.com.mx/jalisco/guadalajara/offices/medico-consulting/for-sale/,,,,,,,,,,,,,,,,,,,,,,,,,,,
Casas_y_terrenos,Guadalajara,Renta,Consultorios,https://www.lamudi.com.mx/jalisco/guadalajara/offices/medico-consulting/for-rent/,,,,,,,,,,,,,,,,,,,,,,,,,,,
Casas_y_terrenos,Guadalajara,Venta,Departamentos,https://www.lamudi.com.mx/jalisco/guadalajara/departamento/for-sale/,,,,,,,,,,,,,,,,,,,,,,,,,,,
Casas_y_terrenos,Guadalajara,Renta,Departamentos,https://www.lamudi.com.mx/jalisco/guadalajara/departamento/for-rent/,,,,,,,,,,,,,,,,,,,,,,,,,,,
Casas_y_terrenos,Guadalajara,Venta,Edificios,https://www.lamudi.com.mx/jalisco/guadalajara/offices/edificio/for-sale/,,,,,,,,,,,,,,,,,,,,,,,,,,,
Casas_y_terrenos,Guadalajara,Renta,Edificios,https://www.lamudi.com.mx/jalisco/guadalajara/offices/edificio/for-rent/,,,,,,,,,,,,,,,,,,,,,,,,,,,
Casas_y_terrenos,Guadalajara,Venta,Locales en Centros Comerciales,https://www.lamudi.com.mx/jalisco/guadalajara/comercial/comercial-agricultura/for-sale/,,,,,,,,,,,,,,,,,,,,,,,,,,,
Casas_y_terrenos,Guadalajara,Renta,Locales en Centros Comerciales,https://www.lamudi.com.mx/jalisco/guadalajara/comercial/comercial-agricultura/for-rent/,,,,,,,,,,,,,,,,,,,,,,,,,,,
Casas_y_terrenos,Guadalajara,Venta,Locales Retail,https://www.lamudi.com.mx/jalisco/guadalajara/comercial/venta-al-por-menor/for-sale/,,,,,,,,,,,,,,,,,,,,,,,,,,,
Casas_y_terrenos,Guadalajara,Renta,Locales Retail,https://www.lamudi.com.mx/jalisco/guadalajara/comercial/venta-al-por-menor/for-rent/,,,,,,,,,,,,,,,,,,,,,,,,,,,
Casas_y_terrenos,Guadalajara,Venta,Naves/Bodegas,https://www.lamudi.com.mx/jalisco/guadalajara/comercial/industria-almacen/for-sale/,,,,,,,,,,,,,,,,,,,,,,,,,,,
Casas_y_terrenos,Guadalajara,Renta,Naves/Bodegas,https://www.lamudi.com.mx/jalisco/guadalajara/comercial/industria-almacen/for-rent/,,,,,,,,,,,,,,,,,,,,,,,,,,,
Casas_y_terrenos,Guadalajara,Venta,Oficinas,https://www.lamudi.com.mx/jalisco/guadalajara/offices/for-sale/,,,,,,,,,,,,,,,,,,,,,,,,,,,
Casas_y_terrenos,Guadalajara,Renta,Oficinas,https://www.lamudi.com.mx/jalisco/guadalajara/offices/for-rent/,,,,,,,,,,,,,,,,,,,,,,,,,,,
Casas_y_terrenos,Guadalajara,Venta,Terrenos,https://www.lamudi.com.mx/jalisco/guadalajara/terreno/for-sale/,,,,,,,,,,,,,,,,,,,,,,,,,,,
Casas_y_terrenos,Guadalajara,Renta,Terrenos,https://www.lamudi.com.mx/jalisco/guadalajara/terreno/for-rent/,,,,,,,,,,,,,,,,,,,,,,,,,,,
Casas_y_terrenos,El Salto,Venta,Casas,https://www.lamudi.com.mx/jalisco/el-salto/casa/for-sale/,,,,,,,,,,,,,,,,,,,,,,,,,,,
Casas_y_terrenos,El Salto,Renta,Casas,https://www.lamudi.com.mx/jalisco/el-salto/casa/for-rent/,,,,,,,,,,,,,,,,,,,,,,,,,,,
Casas_y_terrenos,El Salto,Venta,Consultorios,https://www.lamudi.com.mx/jalisco/el-salto/offices/medico-consulting/for-sale/,,,,,,,,,,,,,,,,,,,,,,,,,,,
Casas_y_terrenos,El Salto,Renta,Consultorios,https://www.lamudi.com.mx/jalisco/el-salto/offices/medico-consulting/for-rent/,,,,,,,,,,,,,,,,,,,,,,,,,,,
Casas_y_terrenos,El Salto,Venta,Departamentos,https://www.lamudi.com.mx/jalisco/el-salto/departamento/for-sale/,,,,,,,,,,,,,,,,,,,,,,,,,,,
Casas_y_terrenos,El Salto,Renta,Departamentos,https://www.lamudi.com.mx/jalisco/el-salto/departamento/for-rent/,,,,,,,,,,,,,,,,,,,,,,,,,,,
Casas_y_terrenos,El Salto,Venta,Edificios,https://www.lamudi.com.mx/jalisco/el-salto/offices/edificio/for-sale/,,,,,,,,,,,,,,,,,,,,,,,,,,,
Casas_y_terrenos,El Salto,Renta,Edificios,https://www.lamudi.com.mx/jalisco/el-salto/offices/edificio/for-rent/,,,,,,,,,,,,,,,,,,,,,,,,,,,
Casas_y_terrenos,El Salto,Venta,Locales en Centros Comerciales,https://www.lamudi.com.mx/jalisco/el-salto/comercial/comercial-agricultura/for-sale/,,,,,,,,,,,,,,,,,,,,,,,,,,,
Casas_y_terrenos,El Salto,Renta,Locales en Centros Comerciales,https://www.lamudi.com.mx/jalisco/el-salto/comercial/comercial-agricultura/for-rent/,,,,,,,,,,,,,,,,,,,,,,,,,,,
Casas_y_terrenos,El Salto,Venta,Locales Retail,https://www.lamudi.com.mx/jalisco/el-salto/comercial/venta-al-por-menor/for-sale/,,,,,,,,,,,,,,,,,,,,,,,,,,,
Casas_y_terrenos,El Salto,Renta,Locales Retail,https://www.lamudi.com.mx/jalisco/el-salto/comercial/venta-al-por-menor/for-rent/,,,,,,,,,,,,,,,,,,,,,,,,,,,
Casas_y_terrenos,El Salto,Venta,Naves/Bodegas,https://www.lamudi.com.mx/jalisco/el-salto/comercial/industria-almacen/for-sale/,,,,,,,,,,,,,,,,,,,,,,,,,,,
Casas_y_terrenos,El Salto,Renta,Naves/Bodegas,https://www.lamudi.com.mx/jalisco/el-salto/comercial/industria-almacen/for-rent/,,,,,,,,,,,,,,,,,,,,,,,,,,,
Casas_y_terrenos,El Salto,Venta,Oficinas,https://www.lamudi.com.mx/jalisco/el-salto/offices/for-sale/,,,,,,,,,,,,,,,,,,,,,,,,,,,
Casas_y_terrenos,El Salto,Renta,Oficinas,https://www.lamudi.com.mx/jalisco/el-salto/offices/for-rent/,,,,,,,,,,,,,,,,,,,,,,,,,,,
Casas_y_terrenos,El Salto,Venta,Terrenos,https://www.lamudi.com.mx/jalisco/el-salto/terreno/for-sale/,,,,,,,,,,,,,,,,,,,,,,,,,,,
Casas_y_terrenos,El Salto,Renta,Terrenos,https://www.lamudi.com.mx/jalisco/el-salto/terreno/for-rent/,,,,,,,,,,,,,,,,,,,,,,,,,,,
Casas_y_terrenos,Ixtlahuac치n de los Membrillos,Venta,Casas,https://www.lamudi.com.mx/jalisco/ixtlahuacan-de-los-membrillos/casa/for-sale/,,,,,,,,,,,,,,,,,,,,,,,,,,,
Casas_y_terrenos,Ixtlahuac치n de los Membrillos,Renta,Casas,https://www.lamudi.com.mx/jalisco/ixtlahuacan-de-los-membrillos/casa/for-rent/,,,,,,,,,,,,,,,,,,,,,,,,,,,
Casas_y_terrenos,Ixtlahuac치n de los Membrillos,Venta,Consultorios,https://www.lamudi.com.mx/jalisco/ixtlahuacan-de-los-membrillos/offices/medico-consulting/for-sale/,,,,,,,,,,,,,,,,,,,,,,,,,,,
Casas_y_terrenos,Ixtlahuac치n de los Membrillos,Renta,Consultorios,https://www.lamudi.com.mx/jalisco/ixtlahuacan-de-los-membrillos/offices/medico-consulting/for-rent/,,,,,,,,,,,,,,,,,,,,,,,,,,,
Casas_y_terrenos,Ixtlahuac치n de los Membrillos,Venta,Departamentos,https://www.lamudi.com.mx/jalisco/ixtlahuacan-de-los-membrillos/departamento/for-sale/,,,,,,,,,,,,,,,,,,,,,,,,,,,
Casas_y_terrenos,Ixtlahuac치n de los Membrillos,Renta,Departamentos,https://www.lamudi.com.mx/jalisco/ixtlahuacan-de-los-membrillos/departamento/for-rent/,,,,,,,,,,,,,,,,,,,,,,,,,,,
Casas_y_terrenos,Ixtlahuac치n de los Membrillos,Venta,Edificios,https://www.lamudi.com.mx/jalisco/ixtlahuacan-de-los-membrillos/offices/edificio/for-sale/,,,,,,,,,,,,,,,,,,,,,,,,,,,
Casas_y_terrenos,Ixtlahuac치n de los Membrillos,Renta,Edificios,https://www.lamudi.com.mx/jalisco/ixtlahuacan-de-los-membrillos/offices/edificio/for-rent/,,,,,,,,,,,,,,,,,,,,,,,,,,,
Casas_y_terrenos,Ixtlahuac치n de los Membrillos,Venta,Locales en Centros Comerciales,https://www.lamudi.com.mx/jalisco/ixtlahuacan-de-los-membrillos/comercial/comercial-agricultura/for-sale/,,,,,,,,,,,,,,,,,,,,,,,,,,,
Casas_y_terrenos,Ixtlahuac치n de los Membrillos,Renta,Locales en Centros Comerciales,https://www.lamudi.com.mx/jalisco/ixtlahuacan-de-los-membrillos/comercial/comercial-agricultura/for-rent/,,,,,,,,,,,,,,,,,,,,,,,,,,,
Casas_y_terrenos,Ixtlahuac치n de los Membrillos,Venta,Locales Retail,https://www.lamudi.com.mx/jalisco/ixtlahuacan-de-los-membrillos/comercial/venta-al-por-menor/for-sale/,,,,,,,,,,,,,,,,,,,,,,,,,,,
Casas_y_terrenos,Ixtlahuac치n de los Membrillos,Renta,Locales Retail,https://www.lamudi.com.mx/jalisco/ixtlahuacan-de-los-membrillos/comercial/venta-al-por-menor/for-rent/,,,,,,,,,,,,,,,,,,,,,,,,,,,
Casas_y_terrenos,Ixtlahuac치n de los Membrillos,Venta,Naves/Bodegas,https://www.lamudi.com.mx/jalisco/ixtlahuacan-de-los-membrillos/comercial/industria-almacen/for-sale/,,,,,,,,,,,,,,,,,,,,,,,,,,,
Casas_y_terrenos,Ixtlahuac치n de los Membrillos,Renta,Naves/Bodegas,https://www.lamudi.com.mx/jalisco/ixtlahuacan-de-los-membrillos/comercial/industria-almacen/for-rent/,,,,,,,,,,,,,,,,,,,,,,,,,,,
Casas_y_terrenos,Ixtlahuac치n de los Membrillos,Venta,Oficinas,https://www.lamudi.com.mx/jalisco/ixtlahuacan-de-los-membrillos/offices/for-sale/,,,,,,,,,,,,,,,,,,,,,,,,,,,
Casas_y_terrenos,Ixtlahuac치n de los Membrillos,Renta,Oficinas,https://www.lamudi.com.mx/jalisco/ixtlahuacan-de-los-membrillos/offices/for-rent/,,,,,,,,,,,,,,,,,,,,,,,,,,,
Casas_y_terrenos,Ixtlahuac치n de los Membrillos,Venta,Terrenos,https://www.lamudi.com.mx/jalisco/ixtlahuacan-de-los-membrillos/terreno/for-sale/,,,,,,,,,,,,,,,,,,,,,,,,,,,
Casas_y_terrenos,Ixtlahuac치n de los Membrillos,Renta,Terrenos,https://www.lamudi.com.mx/jalisco/ixtlahuacan-de-los-membrillos/terreno/for-rent/,,,,,,,,,,,,,,,,,,,,,,,,,,,
Casas_y_terrenos,Juanacatl치n,Venta,Casas,https://www.lamudi.com.mx/jalisco/juanacatlan/casa/for-sale/,,,,,,,,,,,,,,,,,,,,,,,,,,,
Casas_y_terrenos,Juanacatl치n,Renta,Casas,https://www.lamudi.com.mx/jalisco/juanacatlan/casa/for-rent/,,,,,,,,,,,,,,,,,,,,,,,,,,,
Casas_y_terrenos,Juanacatl치n,Venta,Consultorios,https://www.lamudi.com.mx/jalisco/juanacatlan/offices/medico-consulting/for-sale/,,,,,,,,,,,,,,,,,,,,,,,,,,,
Casas_y_terrenos,Juanacatl치n,Renta,Consultorios,https://www.lamudi.com.mx/jalisco/juanacatlan/offices/medico-consulting/for-rent/,,,,,,,,,,,,,,,,,,,,,,,,,,,
Casas_y_terrenos,Juanacatl치n,Venta,Departamentos,https://www.lamudi.com.mx/jalisco/juanacatlan/departamento/for-sale/,,,,,,,,,,,,,,,,,,,,,,,,,,,
Casas_y_terrenos,Juanacatl치n,Renta,Departamentos,https://www.lamudi.com.mx/jalisco/juanacatlan/departamento/for-rent/,,,,,,,,,,,,,,,,,,,,,,,,,,,
Casas_y_terrenos,Juanacatl치n,Venta,Edificios,https://www.lamudi.com.mx/jalisco/juanacatlan/offices/edificio/for-sale/,,,,,,,,,,,,,,,,,,,,,,,,,,,
Casas_y_terrenos,Juanacatl치n,Renta,Edificios,https://www.lamudi.com.mx/jalisco/juanacatlan/offices/edificio/for-rent/,,,,,,,,,,,,,,,,,,,,,,,,,,,
Casas_y_terrenos,Juanacatl치n,Venta,Locales en Centros Comerciales,https://www.lamudi.com.mx/jalisco/juanacatlan/comercial/comercial-agricultura/for-sale/,,,,,,,,,,,,,,,,,,,,,,,,,,,
Casas_y_terrenos,Juanacatl치n,Renta,Locales en Centros Comerciales,https://www.lamudi.com.mx/jalisco/juanacatlan/comercial/comercial-agricultura/for-rent/,,,,,,,,,,,,,,,,,,,,,,,,,,,
Casas_y_terrenos,Juanacatl치n,Venta,Locales Retail,https://www.lamudi.com.mx/jalisco/juanacatlan/comercial/venta-al-por-menor/for-sale/,,,,,,,,,,,,,,,,,,,,,,,,,,,
Casas_y_terrenos,Juanacatl치n,Renta,Locales Retail,https://www.lamudi.com.mx/jalisco/juanacatlan/comercial/venta-al-por-menor/for-rent/,,,,,,,,,,,,,,,,,,,,,,,,,,,
Casas_y_terrenos,Juanacatl치n,Venta,Naves/Bodegas,https://www.lamudi.com.mx/jalisco/juanacatlan/comercial/industria-almacen/for-sale/,,,,,,,,,,,,,,,,,,,,,,,,,,,
Casas_y_terrenos,Juanacatl치n,Renta,Naves/Bodegas,https://www.lamudi.com.mx/jalisco/juanacatlan/comercial/industria-almacen/for-rent/,,,,,,,,,,,,,,,,,,,,,,,,,,,
Casas_y_terrenos,Juanacatl치n,Venta,Oficinas,https://www.lamudi.com.mx/jalisco/juanacatlan/offices/for-sale/,,,,,,,,,,,,,,,,,,,,,,,,,,,
Casas_y_terrenos,Juanacatl치n,Renta,Oficinas,https://www.lamudi.com.mx/jalisco/juanacatlan/offices/for-rent/,,,,,,,,,,,,,,,,,,,,,,,,,,,
Casas_y_terrenos,Juanacatl치n,Venta,Terrenos,https://www.lamudi.com.mx/jalisco/juanacatlan/terreno/for-sale/,,,,,,,,,,,,,,,,,,,,,,,,,,,
Casas_y_terrenos,Juanacatl치n,Renta,Terrenos,https://www.lamudi.com.mx/jalisco/juanacatlan/terreno/for-rent/,,,,,,,,,,,,,,,,,,,,,,,,,,,
Casas_y_terrenos,San Pedro Tlaquepaque,Venta,Casas,https://www.lamudi.com.mx/jalisco/tlaquepaque/casa/for-sale/,,,,,,,,,,,,,,,,,,,,,,,,,,,
Casas_y_terrenos,San Pedro Tlaquepaque,Renta,Casas,https://www.lamudi.com.mx/jalisco/tlaquepaque/casa/for-rent/,,,,,,,,,,,,,,,,,,,,,,,,,,,
Casas_y_terrenos,San Pedro Tlaquepaque,Venta,Consultorios,https://www.lamudi.com.mx/jalisco/tlaquepaque/offices/medico-consulting/for-sale/,,,,,,,,,,,,,,,,,,,,,,,,,,,
Casas_y_terrenos,San Pedro Tlaquepaque,Renta,Consultorios,https://www.lamudi.com.mx/jalisco/tlaquepaque/offices/medico-consulting/for-rent/,,,,,,,,,,,,,,,,,,,,,,,,,,,
Casas_y_terrenos,San Pedro Tlaquepaque,Venta,Departamentos,https://www.lamudi.com.mx/jalisco/tlaquepaque/departamento/for-sale/,,,,,,,,,,,,,,,,,,,,,,,,,,,
Casas_y_terrenos,San Pedro Tlaquepaque,Renta,Departamentos,https://www.lamudi.com.mx/jalisco/tlaquepaque/departamento/for-rent/,,,,,,,,,,,,,,,,,,,,,,,,,,,
Casas_y_terrenos,San Pedro Tlaquepaque,Venta,Edificios,https://www.lamudi.com.mx/jalisco/tlaquepaque/offices/edificio/for-sale/,,,,,,,,,,,,,,,,,,,,,,,,,,,
Casas_y_terrenos,San Pedro Tlaquepaque,Renta,Edificios,https://www.lamudi.com.mx/jalisco/tlaquepaque/offices/edificio/for-rent/,,,,,,,,,,,,,,,,,,,,,,,,,,,
Casas_y_terrenos,San Pedro Tlaquepaque,Venta,Locales en Centros Comerciales,https://www.lamudi.com.mx/jalisco/tlaquepaque/comercial/comercial-agricultura/for-sale/,,,,,,,,,,,,,,,,,,,,,,,,,,,
Casas_y_terrenos,San Pedro Tlaquepaque,Renta,Locales en Centros Comerciales,https://www.lamudi.com.mx/jalisco/tlaquepaque/comercial/comercial-agricultura/for-rent/,,,,,,,,,,,,,,,,,,,,,,,,,,,
Casas_y_terrenos,San Pedro Tlaquepaque,Venta,Locales Retail,https://www.lamudi.com.mx/jalisco/tlaquepaque/comercial/venta-al-por-menor/for-sale/,,,,,,,,,,,,,,,,,,,,,,,,,,,
Casas_y_terrenos,San Pedro Tlaquepaque,Renta,Locales Retail,https://www.lamudi.com.mx/jalisco/tlaquepaque/comercial/venta-al-por-menor/for-rent/,,,,,,,,,,,,,,,,,,,,,,,,,,,
Casas_y_terrenos,San Pedro Tlaquepaque,Venta,Naves/Bodegas,https://www.lamudi.com.mx/jalisco/tlaquepaque/comercial/industria-almacen/for-sale/,,,,,,,,,,,,,,,,,,,,,,,,,,,
Casas_y_terrenos,San Pedro Tlaquepaque,Renta,Naves/Bodegas,https://www.lamudi.com.mx/jalisco/tlaquepaque/comercial/industria-almacen/for-rent/,,,,,,,,,,,,,,,,,,,,,,,,,,,
Casas_y_terrenos,San Pedro Tlaquepaque,Venta,Oficinas,https://www.lamudi.com.mx/jalisco/tlaquepaque/offices/for-sale/,,,,,,,,,,,,,,,,,,,,,,,,,,,
Casas_y_terrenos,San Pedro Tlaquepaque,Renta,Oficinas,https://www.lamudi.com.mx/jalisco/tlaquepaque/offices/for-rent/,,,,,,,,,,,,,,,,,,,,,,,,,,,
Casas_y_terrenos,San Pedro Tlaquepaque,Venta,Terrenos,https://www.lamudi.com.mx/jalisco/tlaquepaque/terreno/for-sale/,,,,,,,,,,,,,,,,,,,,,,,,,,,
Casas_y_terrenos,San Pedro Tlaquepaque,Renta,Terrenos,https://www.lamudi.com.mx/jalisco/tlaquepaque/terreno/for-rent/,,,,,,,,,,,,,,,,,,,,,,,,,,,
Casas_y_terrenos,Tlajomulco de Z칰침iga,Venta,Casas,https://www.lamudi.com.mx/jalisco/tlajomulco-de-zuniga/casa/for-sale/,,,,,,,,,,,,,,,,,,,,,,,,,,,
Casas_y_terrenos,Tlajomulco de Z칰침iga,Renta,Casas,https://www.lamudi.com.mx/jalisco/tlajomulco-de-zuniga/casa/for-rent/,,,,,,,,,,,,,,,,,,,,,,,,,,,
Casas_y_terrenos,Tlajomulco de Z칰침iga,Venta,Consultorios,https://www.lamudi.com.mx/jalisco/tlajomulco-de-zuniga/offices/medico-consulting/for-sale/,,,,,,,,,,,,,,,,,,,,,,,,,,,
Casas_y_terrenos,Tlajomulco de Z칰침iga,Renta,Consultorios,https://www.lamudi.com.mx/jalisco/tlajomulco-de-zuniga/offices/medico-consulting/for-rent/,,,,,,,,,,,,,,,,,,,,,,,,,,,
Casas_y_terrenos,Tlajomulco de Z칰침iga,Venta,Departamentos,https://www.lamudi.com.mx/jalisco/tlajomulco-de-zuniga/departamento/for-sale/,,,,,,,,,,,,,,,,,,,,,,,,,,,
Casas_y_terrenos,Tlajomulco de Z칰침iga,Renta,Departamentos,https://www.lamudi.com.mx/jalisco/tlajomulco-de-zuniga/departamento/for-rent/,,,,,,,,,,,,,,,,,,,,,,,,,,,
Casas_y_terrenos,Tlajomulco de Z칰침iga,Venta,Edificios,https://www.lamudi.com.mx/jalisco/tlajomulco-de-zuniga/offices/edificio/for-sale/,,,,,,,,,,,,,,,,,,,,,,,,,,,
Casas_y_terrenos,Tlajomulco de Z칰침iga,Renta,Edificios,https://www.lamudi.com.mx/jalisco/tlajomulco-de-zuniga/offices/edificio/for-rent/,,,,,,,,,,,,,,,,,,,,,,,,,,,
Casas_y_terrenos,Tlajomulco de Z칰침iga,Venta,Locales en Centros Comerciales,https://www.lamudi.com.mx/jalisco/tlajomulco-de-zuniga/comercial/comercial-agricultura/for-sale/,,,,,,,,,,,,,,,,,,,,,,,,,,,
Casas_y_terrenos,Tlajomulco de Z칰침iga,Renta,Locales en Centros Comerciales,https://www.lamudi.com.mx/jalisco/tlajomulco-de-zuniga/comercial/comercial-agricultura/for-rent/,,,,,,,,,,,,,,,,,,,,,,,,,,,
Casas_y_terrenos,Tlajomulco de Z칰침iga,Venta,Locales Retail,https://www.lamudi.com.mx/jalisco/tlajomulco-de-zuniga/comercial/venta-al-por-menor/for-sale/,,,,,,,,,,,,,,,,,,,,,,,,,,,
Casas_y_terrenos,Tlajomulco de Z칰침iga,Renta,Locales Retail,https://www.lamudi.com.mx/jalisco/tlajomulco-de-zuniga/comercial/venta-al-por-menor/for-rent/,,,,,,,,,,,,,,,,,,,,,,,,,,,
Casas_y_terrenos,Tlajomulco de Z칰침iga,Venta,Naves/Bodegas,https://www.lamudi.com.mx/jalisco/tlajomulco-de-zuniga/comercial/industria-almacen/for-sale/,,,,,,,,,,,,,,,,,,,,,,,,,,,
Casas_y_terrenos,Tlajomulco de Z칰침iga,Renta,Naves/Bodegas,https://www.lamudi.com.mx/jalisco/tlajomulco-de-zuniga/comercial/industria-almacen/for-rent/,,,,,,,,,,,,,,,,,,,,,,,,,,,
Casas_y_terrenos,Tlajomulco de Z칰침iga,Venta,Oficinas,https://www.lamudi.com.mx/jalisco/tlajomulco-de-zuniga/offices/for-sale/,,,,,,,,,,,,,,,,,,,,,,,,,,,
Casas_y_terrenos,Tlajomulco de Z칰침iga,Renta,Oficinas,https://www.lamudi.com.mx/jalisco/tlajomulco-de-zuniga/offices/for-rent/,,,,,,,,,,,,,,,,,,,,,,,,,,,
Casas_y_terrenos,Tlajomulco de Z칰침iga,Venta,Terrenos,https://www.lamudi.com.mx/jalisco/tlajomulco-de-zuniga/terreno/for-sale/,,,,,,,,,,,,,,,,,,,,,,,,,,,
Casas_y_terrenos,Tlajomulco de Z칰침iga,Renta,Terrenos,https://www.lamudi.com.mx/jalisco/tlajomulco-de-zuniga/terreno/for-rent/,,,,,,,,,,,,,,,,,,,,,,,,,,,
Casas_y_terrenos,Tonal치,Venta,Casas,https://www.lamudi.com.mx/jalisco/tonala-1/casa/for-sale/,,,,,,,,,,,,,,,,,,,,,,,,,,,
Casas_y_terrenos,Tonal치,Renta,Casas,https://www.lamudi.com.mx/jalisco/tonala-1/casa/for-rent/,,,,,,,,,,,,,,,,,,,,,,,,,,,
Casas_y_terrenos,Tonal치,Venta,Consultorios,https://www.lamudi.com.mx/jalisco/tonala-1/offices/medico-consulting/for-sale/,,,,,,,,,,,,,,,,,,,,,,,,,,,
Casas_y_terrenos,Tonal치,Renta,Consultorios,https://www.lamudi.com.mx/jalisco/tonala-1/offices/medico-consulting/for-rent/,,,,,,,,,,,,,,,,,,,,,,,,,,,
Casas_y_terrenos,Tonal치,Venta,Departamentos,https://www.lamudi.com.mx/jalisco/tonala-1/departamento/for-sale/,,,,,,,,,,,,,,,,,,,,,,,,,,,
Casas_y_terrenos,Tonal치,Renta,Departamentos,https://www.lamudi.com.mx/jalisco/tonala-1/departamento/for-rent/,,,,,,,,,,,,,,,,,,,,,,,,,,,
Casas_y_terrenos,Tonal치,Venta,Edificios,https://www.lamudi.com.mx/jalisco/tonala-1/offices/edificio/for-sale/,,,,,,,,,,,,,,,,,,,,,,,,,,,
Casas_y_terrenos,Tonal치,Renta,Edificios,https://www.lamudi.com.mx/jalisco/tonala-1/offices/edificio/for-rent/,,,,,,,,,,,,,,,,,,,,,,,,,,,
Casas_y_terrenos,Tonal치,Venta,Locales en Centros Comerciales,https://www.lamudi.com.mx/jalisco/tonala-1/comercial/comercial-agricultura/for-sale/,,,,,,,,,,,,,,,,,,,,,,,,,,,
Casas_y_terrenos,Tonal치,Renta,Locales en Centros Comerciales,https://www.lamudi.com.mx/jalisco/tonala-1/comercial/comercial-agricultura/for-rent/,,,,,,,,,,,,,,,,,,,,,,,,,,,
Casas_y_terrenos,Tonal치,Venta,Locales Retail,https://www.lamudi.com.mx/jalisco/tonala-1/comercial/venta-al-por-menor/for-sale/,,,,,,,,,,,,,,,,,,,,,,,,,,,
Casas_y_terrenos,Tonal치,Renta,Locales Retail,https://www.lamudi.com.mx/jalisco/tonala-1/comercial/venta-al-por-menor/for-rent/,,,,,,,,,,,,,,,,,,,,,,,,,,,
Casas_y_terrenos,Tonal치,Venta,Naves/Bodegas,https://www.lamudi.com.mx/jalisco/tonala-1/comercial/industria-almacen/for-sale/,,,,,,,,,,,,,,,,,,,,,,,,,,,
Casas_y_terrenos,Tonal치,Renta,Naves/Bodegas,https://www.lamudi.com.mx/jalisco/tonala-1/comercial/industria-almacen/for-rent/,,,,,,,,,,,,,,,,,,,,,,,,,,,
Casas_y_terrenos,Tonal치,Venta,Oficinas,https://www.lamudi.com.mx/jalisco/tonala-1/offices/for-sale/,,,,,,,,,,,,,,,,,,,,,,,,,,,
Casas_y_terrenos,Tonal치,Renta,Oficinas,https://www.lamudi.com.mx/jalisco/tonala-1/offices/for-rent/,,,,,,,,,,,,,,,,,,,,,,,,,,,
Casas_y_terrenos,Tonal치,Venta,Terrenos,https://www.lamudi.com.mx/jalisco/tonala-1/terreno/for-sale/,,,,,,,,,,,,,,,,,,,,,,,,,,,
Casas_y_terrenos,Tonal치,Renta,Terrenos,https://www.lamudi.com.mx/jalisco/tonala-1/terreno/for-rent/,,,,,,,,,,,,,,,,,,,,,,,,,,,
Casas_y_terrenos,Zapopan,Venta,Casas,https://www.lamudi.com.mx/jalisco/zapopan/casa/for-sale/,,,,,,,,,,,,,,,,,,,,,,,,,,,
Casas_y_terrenos,Zapopan,Renta,Casas,https://www.lamudi.com.mx/jalisco/zapopan/casa/for-rent/,,,,,,,,,,,,,,,,,,,,,,,,,,,
Casas_y_terrenos,Zapopan,Venta,Consultorios,https://www.lamudi.com.mx/jalisco/zapopan/offices/medico-consulting/for-sale/,,,,,,,,,,,,,,,,,,,,,,,,,,,
Casas_y_terrenos,Zapopan,Renta,Consultorios,https://www.lamudi.com.mx/jalisco/zapopan/offices/medico-consulting/for-rent/,,,,,,,,,,,,,,,,,,,,,,,,,,,
Casas_y_terrenos,Zapopan,Venta,Departamentos,https://www.lamudi.com.mx/jalisco/zapopan/departamento/for-sale/,,,,,,,,,,,,,,,,,,,,,,,,,,,
Casas_y_terrenos,Zapopan,Renta,Departamentos,https://www.lamudi.com.mx/jalisco/zapopan/departamento/for-rent/,,,,,,,,,,,,,,,,,,,,,,,,,,,
Casas_y_terrenos,Zapopan,Venta,Edificios,https://www.lamudi.com.mx/jalisco/zapopan/offices/edificio/for-sale/,,,,,,,,,,,,,,,,,,,,,,,,,,,
Casas_y_terrenos,Zapopan,Renta,Edificios,https://www.lamudi.com.mx/jalisco/zapopan/offices/edificio/for-rent/,,,,,,,,,,,,,,,,,,,,,,,,,,,
Casas_y_terrenos,Zapopan,Venta,Locales en Centros Comerciales,https://www.lamudi.com.mx/jalisco/zapopan/comercial/comercial-agricultura/for-sale/,,,,,,,,,,,,,,,,,,,,,,,,,,,
Casas_y_terrenos,Zapopan,Renta,Locales en Centros Comerciales,https://www.lamudi.com.mx/jalisco/zapopan/comercial/comercial-agricultura/for-rent/,,,,,,,,,,,,,,,,,,,,,,,,,,,
Casas_y_terrenos,Zapopan,Venta,Locales Retail,https://www.lamudi.com.mx/jalisco/zapopan/comercial/venta-al-por-menor/for-sale/,,,,,,,,,,,,,,,,,,,,,,,,,,,
Casas_y_terrenos,Zapopan,Renta,Locales Retail,https://www.lamudi.com.mx/jalisco/zapopan/comercial/venta-al-por-menor/for-rent/,,,,,,,,,,,,,,,,,,,,,,,,,,,
Casas_y_terrenos,Zapopan,Venta,Naves/Bodegas,https://www.lamudi.com.mx/jalisco/zapopan/comercial/industria-almacen/for-sale/,,,,,,,,,,,,,,,,,,,,,,,,,,,
Casas_y_terrenos,Zapopan,Renta,Naves/Bodegas,https://www.lamudi.com.mx/jalisco/zapopan/comercial/industria-almacen/for-rent/,,,,,,,,,,,,,,,,,,,,,,,,,,,
Casas_y_terrenos,Zapopan,Venta,Oficinas,https://www.lamudi.com.mx/jalisco/zapopan/offices/for-sale/,,,,,,,,,,,,,,,,,,,,,,,,,,,
Casas_y_terrenos,Zapopan,Renta,Oficinas,https://www.lamudi.com.mx/jalisco/zapopan/offices/for-rent/,,,,,,,,,,,,,,,,,,,,,,,,,,,
Casas_y_terrenos,Zapopan,Venta,Terrenos,https://www.lamudi.com.mx/jalisco/zapopan/terreno/for-sale/,,,,,,,,,,,,,,,,,,,,,,,,,,,
Casas_y_terrenos,Zapopan,Renta,Terrenos,https://www.lamudi.com.mx/jalisco/zapopan/terreno/for-rent/,,,,,,,,,,,,,,,,,,,,,,,,,,,
Casas_y_terrenos,Zapotlanejo,Venta,Casas,https://www.lamudi.com.mx/jalisco/zapotlanejo/casa/for-sale/,,,,,,,,,,,,,,,,,,,,,,,,,,,
Casas_y_terrenos,Zapotlanejo,Renta,Casas,https://www.lamudi.com.mx/jalisco/zapotlanejo/casa/for-rent/,,,,,,,,,,,,,,,,,,,,,,,,,,,
Casas_y_terrenos,Zapotlanejo,Venta,Consultorios,https://www.lamudi.com.mx/jalisco/zapotlanejo/offices/medico-consulting/for-sale/,,,,,,,,,,,,,,,,,,,,,,,,,,,
Casas_y_terrenos,Zapotlanejo,Renta,Consultorios,https://www.lamudi.com.mx/jalisco/zapotlanejo/offices/medico-consulting/for-rent/,,,,,,,,,,,,,,,,,,,,,,,,,,,
Casas_y_terrenos,Zapotlanejo,Venta,Departamentos,https://www.lamudi.com.mx/jalisco/zapotlanejo/departamento/for-sale/,,,,,,,,,,,,,,,,,,,,,,,,,,,
Casas_y_terrenos,Zapotlanejo,Renta,Departamentos,https://www.lamudi.com.mx/jalisco/zapotlanejo/departamento/for-rent/,,,,,,,,,,,,,,,,,,,,,,,,,,,
Casas_y_terrenos,Zapotlanejo,Venta,Edificios,https://www.lamudi.com.mx/jalisco/zapotlanejo/offices/edificio/for-sale/,,,,,,,,,,,,,,,,,,,,,,,,,,,
Casas_y_terrenos,Zapotlanejo,Renta,Edificios,https://www.lamudi.com.mx/jalisco/zapotlanejo/offices/edificio/for-rent/,,,,,,,,,,,,,,,,,,,,,,,,,,,
Casas_y_terrenos,Zapotlanejo,Venta,Locales en Centros Comerciales,https://www.lamudi.com.mx/jalisco/zapotlanejo/comercial/comercial-agricultura/for-sale/,,,,,,,,,,,,,,,,,,,,,,,,,,,
Casas_y_terrenos,Zapotlanejo,Renta,Locales en Centros Comerciales,https://www.lamudi.com.mx/jalisco/zapotlanejo/comercial/comercial-agricultura/for-rent/,,,,,,,,,,,,,,,,,,,,,,,,,,,
Casas_y_terrenos,Zapotlanejo,Venta,Locales Retail,https://www.lamudi.com.mx/jalisco/zapotlanejo/comercial/venta-al-por-menor/for-sale/,,,,,,,,,,,,,,,,,,,,,,,,,,,
Casas_y_terrenos,Zapotlanejo,Renta,Locales Retail,https://www.lamudi.com.mx/jalisco/zapotlanejo/comercial/venta-al-por-menor/for-rent/,,,,,,,,,,,,,,,,,,,,,,,,,,,
Casas_y_terrenos,Zapotlanejo,Venta,Naves/Bodegas,https://www.lamudi.com.mx/jalisco/zapotlanejo/comercial/industria-almacen/for-sale/,,,,,,,,,,,,,,,,,,,,,,,,,,,
Casas_y_terrenos,Zapotlanejo,Renta,Naves/Bodegas,https://www.lamudi.com.mx/jalisco/zapotlanejo/comercial/industria-almacen/for-rent/,,,,,,,,,,,,,,,,,,,,,,,,,,,
Casas_y_terrenos,Zapotlanejo,Venta,Oficinas,https://www.lamudi.com.mx/jalisco/zapotlanejo/offices/for-sale/,,,,,,,,,,,,,,,,,,,,,,,,,,,
Casas_y_terrenos,Zapotlanejo,Renta,Oficinas,https://www.lamudi.com.mx/jalisco/zapotlanejo/offices/for-rent/,,,,,,,,,,,,,,,,,,,,,,,,,,,
Casas_y_terrenos,Zapotlanejo,Venta,Terrenos,https://www.lamudi.com.mx/jalisco/zapotlanejo/terreno/for-sale/,,,,,,,,,,,,,,,,,,,,,,,,,,,
Casas_y_terrenos,Zapotlanejo,Renta,Terrenos,https://www.lamudi.com.mx/jalisco/zapotlanejo/terreno/for-rent/,,,,,,,,,,,,,,,,,,,,,,,,,,,
