PaginaWeb,Ciudad,Operacin,ProductoPaginaWeb,URL,ago25_2,sep25_1,sep25_2,oct25_1,oct25_2,nov25_1,nov25_2,dic25_1,dic25_2,ene25_1,ene25_2,feb25_1,feb25_2,mar25_1,mar25_2,abr25_1,abr25_2,may25_1,may25_2,jun25_1,jun25_2,jul25_1,jul25_2,ago25_1,ago25_2,sep25_1,sep25_2
mitula,El Salto,Renta,Doctor office,https://casas.mitula.mx/casas/renta-doctor-office-el-salto,,,,,,,,,,,,,,,,,,,,,,,,,,,
mitula,Guadalajara,Renta,Doctor office,https://casas.mitula.mx/casas/renta-doctor-office-guadalajara,,,,,,,,,,,,,,,,,,,,,,,,,,,
mitula,Ixtlahuacﾃ｡n de los membrillos,Renta,Doctor office,https://casas.mitula.mx/casas/renta-doctor-office-ixtlahuacan-de-los-membrillos,,,,,,,,,,,,,,,,,,,,,,,,,,,
mitula,Juanacatlﾃ｡n,Renta,Doctor office,https://casas.mitula.mx/casas/renta-doctor-office-juanacatlan,,,,,,,,,,,,,,,,,,,,,,,,,,,
mitula,San Pedro Tlaquepaque,Renta,Doctor office,https://casas.mitula.mx/casas/renta-doctor-office-san-pedro-tlaquepaque,,,,,,,,,,,,,,,,,,,,,,,,,,,
mitula,Tlajomulco de Zuﾃｱiga,Renta,Doctor office,https://casas.mitula.mx/casas/renta-doctor-office-tlajomulco-de-zuniga,,,,,,,,,,,,,,,,,,,,,,,,,,,
mitula,Tonalﾃ｡,Renta,Doctor office,https://casas.mitula.mx/casas/renta-doctor-office-tonala,,,,,,,,,,,,,,,,,,,,,,,,,,,
mitula,Zapopan,Renta,Doctor office,https://casas.mitula.mx/casas/renta-doctor-office-zapopan,,,,,,,,,,,,,,,,,,,,,,,,,,,
mitula,Zapotlanejo,Renta,Doctor office,https://casas.mitula.mx/casas/renta-doctor-office-zapotlanejo,,,,,,,,,,,,,,,,,,,,,,,,,,,
mitula,El Salto,Venta,Doctor office,https://casas.mitula.mx/casas/venta-doctor-office-el-salto,,,,,,,,,,,,,,,,,,,,,,,,,,,
mitula,Guadalajara,Venta,Doctor office,https://casas.mitula.mx/casas/venta-doctor-office-guadalajara,,,,,,,,,,,,,,,,,,,,,,,,,,,
mitula,Ixtlahuacﾃ｡n de los membrillos,Venta,Doctor office,https://casas.mitula.mx/casas/venta-doctor-office-ixtlahuacan-de-los-membrillos,,,,,,,,,,,,,,,,,,,,,,,,,,,
mitula,Juanacatlﾃ｡n,Venta,Doctor office,https://casas.mitula.mx/casas/venta-doctor-office-juanacatlan,,,,,,,,,,,,,,,,,,,,,,,,,,,
mitula,San Pedro Tlaquepaque,Venta,Doctor office,https://casas.mitula.mx/casas/venta-doctor-office-san-pedro-tlaquepaque,,,,,,,,,,,,,,,,,,,,,,,,,,,
mitula,Tlajomulco de Zuﾃｱiga,Venta,Doctor office,https://casas.mitula.mx/casas/venta-doctor-office-tlajomulco-de-zuniga,,,,,,,,,,,,,,,,,,,,,,,,,,,
mitula,Tonalﾃ｡,Venta,Doctor office,https://casas.mitula.mx/casas/venta-doctor-office-tonala,,,,,,,,,,,,,,,,,,,,,,,,,,,
mitula,Zapopan,Venta,Doctor office,https://casas.mitula.mx/casas/venta-doctor-office-zapopan,,,,,,,,,,,,,,,,,,,,,,,,,,,
mitula,Zapotlanejo,Venta,Doctor office,https://casas.mitula.mx/casas/venta-doctor-office-zapotlanejo,,,,,,,,,,,,,,,,,,,,,,,,,,,
mitula,El Salto,Renta,Casa,https://casas.mitula.mx/casas/renta-casas-el-salto,,,,,,,,,,,,,,,,,,,,,,,,,,,
mitula,Guadalajara,Renta,Casa,https://casas.mitula.mx/casas/renta-casas-guadalajara,,,,,,,,,,,,,,,,,,,,,,,,,,,
mitula,Ixtlahuacﾃ｡n de los membrillos,Renta,Casa,https://casas.mitula.mx/casas/renta-casas-ixtlahuacan-de-los-membrillos,,,,,,,,,,,,,,,,,,,,,,,,,,,
mitula,Juanacatlﾃ｡n,Renta,Casa,https://casas.mitula.mx/casas/renta-casas-juanacatlan,,,,,,,,,,,,,,,,,,,,,,,,,,,
mitula,San Pedro Tlaquepaque,Renta,Casa,https://casas.mitula.mx/casas/renta-casas-san-pedro-tlaquepaque,,,,,,,,,,,,,,,,,,,,,,,,,,,
mitula,Tlajomulco de Zuﾃｱiga,Renta,Casa,https://casas.mitula.mx/casas/renta-casas-tlajomulco-de-zuniga,,,,,,,,,,,,,,,,,,,,,,,,,,,
mitula,Tonalﾃ｡,Renta,Casa,https://casas.mitula.mx/casas/renta-casas-tonala,,,,,,,,,,,,,,,,,,,,,,,,,,,
mitula,Zapopan,Renta,Casa,https://casas.mitula.mx/casas/renta-casas-zapopan,,,,,,,,,,,,,,,,,,,,,,,,,,,
mitula,Zapotlanejo,Renta,Casa,https://casas.mitula.mx/casas/renta-casas-zapotlanejo,,,,,,,,,,,,,,,,,,,,,,,,,,,
mitula,El Salto,Venta,Casa,https://casas.mitula.mx/casas/venta-casas-el-salto,,,,,,,,,,,,,,,,,,,,,,,,,,,
mitula,Guadalajara,Venta,Casa,https://casas.mitula.mx/casas/venta-casas-guadalajara,,,,,,,,,,,,,,,,,,,,,,,,,,,
mitula,Ixtlahuacﾃ｡n de los membrillos,Venta,Casa,https://casas.mitula.mx/casas/venta-casas-ixtlahuacan-de-los-membrillos,,,,,,,,,,,,,,,,,,,,,,,,,,,
mitula,Juanacatlﾃ｡n,Venta,Casa,https://casas.mitula.mx/casas/venta-casas-juanacatlan,,,,,,,,,,,,,,,,,,,,,,,,,,,
mitula,San Pedro Tlaquepaque,Venta,Casa,https://casas.mitula.mx/casas/venta-casas-san-pedro-tlaquepaque,,,,,,,,,,,,,,,,,,,,,,,,,,,
mitula,Tlajomulco de Zuﾃｱiga,Venta,Casa,https://casas.mitula.mx/casas/venta-casas-tlajomulco-de-zuniga,,,,,,,,,,,,,,,,,,,,,,,,,,,
mitula,Tonalﾃ｡,Venta,Casa,https://casas.mitula.mx/casas/venta-casas-tonala,,,,,,,,,,,,,,,,,,,,,,,,,,,
mitula,Zapopan,Venta,Casa,https://casas.mitula.mx/casas/venta-casas-zapopan,,,,,,,,,,,,,,,,,,,,,,,,,,,
mitula,Zapotlanejo,Venta,Casa,https://casas.mitula.mx/casas/venta-casas-zapotlanejo,,,,,,,,,,,,,,,,,,,,,,,,,,,
mitula,El Salto,Renta,ﾃ》ico,https://casas.mitula.mx/casas/renta-aticos-el-salto,,,,,,,,,,,,,,,,,,,,,,,,,,,
mitula,Guadalajara,Renta,ﾃ》ico,https://casas.mitula.mx/casas/renta-aticos-guadalajara,,,,,,,,,,,,,,,,,,,,,,,,,,,
mitula,Ixtlahuacﾃ｡n de los membrillos,Renta,ﾃ》ico,https://casas.mitula.mx/casas/renta-aticos-ixtlahuacan-de-los-membrillos,,,,,,,,,,,,,,,,,,,,,,,,,,,
mitula,Juanacatlﾃ｡n,Renta,ﾃ》ico,https://casas.mitula.mx/casas/renta-aticos-juanacatlan,,,,,,,,,,,,,,,,,,,,,,,,,,,
mitula,San Pedro Tlaquepaque,Renta,ﾃ》ico,https://casas.mitula.mx/casas/renta-aticos-san-pedro-tlaquepaque,,,,,,,,,,,,,,,,,,,,,,,,,,,
mitula,Tlajomulco de Zuﾃｱiga,Renta,ﾃ》ico,https://casas.mitula.mx/casas/renta-aticos-tlajomulco-de-zuniga,,,,,,,,,,,,,,,,,,,,,,,,,,,
mitula,Tonalﾃ｡,Renta,ﾃ》ico,https://casas.mitula.mx/casas/renta-aticos-tonala,,,,,,,,,,,,,,,,,,,,,,,,,,,
mitula,Zapopan,Renta,ﾃ》ico,https://casas.mitula.mx/casas/renta-aticos-zapopan,,,,,,,,,,,,,,,,,,,,,,,,,,,
mitula,Zapotlanejo,Renta,ﾃ》ico,https://casas.mitula.mx/casas/renta-aticos-zapotlanejo,,,,,,,,,,,,,,,,,,,,,,,,,,,
mitula,El Salto,Venta,ﾃ》ico,https://casas.mitula.mx/casas/venta-aticos-el-salto,,,,,,,,,,,,,,,,,,,,,,,,,,,
mitula,Guadalajara,Venta,ﾃ》ico,https://casas.mitula.mx/casas/venta-aticos-guadalajara,,,,,,,,,,,,,,,,,,,,,,,,,,,
mitula,Ixtlahuacﾃ｡n de los membrillos,Venta,ﾃ》ico,https://casas.mitula.mx/casas/venta-aticos-ixtlahuacan-de-los-membrillos,,,,,,,,,,,,,,,,,,,,,,,,,,,
mitula,Juanacatlﾃ｡n,Venta,ﾃ》ico,https://casas.mitula.mx/casas/venta-aticos-juanacatlan,,,,,,,,,,,,,,,,,,,,,,,,,,,
mitula,San Pedro Tlaquepaque,Venta,ﾃ》ico,https://casas.mitula.mx/casas/venta-aticos-san-pedro-tlaquepaque,,,,,,,,,,,,,,,,,,,,,,,,,,,
mitula,Tlajomulco de Zuﾃｱiga,Venta,ﾃ》ico,https://casas.mitula.mx/casas/venta-aticos-tlajomulco-de-zuniga,,,,,,,,,,,,,,,,,,,,,,,,,,,
mitula,Tonalﾃ｡,Venta,ﾃ》ico,https://casas.mitula.mx/casas/venta-aticos-tonala,,,,,,,,,,,,,,,,,,,,,,,,,,,
mitula,Zapopan,Venta,ﾃ》ico,https://casas.mitula.mx/casas/venta-aticos-zapopan,,,,,,,,,,,,,,,,,,,,,,,,,,,
mitula,Zapotlanejo,Venta,ﾃ》ico,https://casas.mitula.mx/casas/venta-aticos-zapotlanejo,,,,,,,,,,,,,,,,,,,,,,,,,,,
mitula,El Salto,Renta,Bodega,https://casas.mitula.mx/casas/renta-bodegas-el-salto,,,,,,,,,,,,,,,,,,,,,,,,,,,
mitula,Guadalajara,Renta,Bodega,https://casas.mitula.mx/casas/renta-bodegas-guadalajara,,,,,,,,,,,,,,,,,,,,,,,,,,,
mitula,Ixtlahuacﾃ｡n de los membrillos,Renta,Bodega,https://casas.mitula.mx/casas/renta-bodegas-ixtlahuacan-de-los-membrillos,,,,,,,,,,,,,,,,,,,,,,,,,,,
mitula,Juanacatlﾃ｡n,Renta,Bodega,https://casas.mitula.mx/casas/renta-bodegas-juanacatlan,,,,,,,,,,,,,,,,,,,,,,,,,,,
mitula,San Pedro Tlaquepaque,Renta,Bodega,https://casas.mitula.mx/casas/renta-bodegas-san-pedro-tlaquepaque,,,,,,,,,,,,,,,,,,,,,,,,,,,
mitula,Tlajomulco de Zuﾃｱiga,Renta,Bodega,https://casas.mitula.mx/casas/renta-bodegas-tlajomulco-de-zuniga,,,,,,,,,,,,,,,,,,,,,,,,,,,
mitula,Tonalﾃ｡,Renta,Bodega,https://casas.mitula.mx/casas/renta-bodegas-tonala,,,,,,,,,,,,,,,,,,,,,,,,,,,
mitula,Zapopan,Renta,Bodega,https://casas.mitula.mx/casas/renta-bodegas-zapopan,,,,,,,,,,,,,,,,,,,,,,,,,,,
mitula,Zapotlanejo,Renta,Bodega,https://casas.mitula.mx/casas/renta-bodegas-zapotlanejo,,,,,,,,,,,,,,,,,,,,,,,,,,,
mitula,El Salto,Venta,Bodega,https://casas.mitula.mx/casas/venta-bodegas-el-salto,,,,,,,,,,,,,,,,,,,,,,,,,,,
mitula,Guadalajara,Venta,Bodega,https://casas.mitula.mx/casas/venta-bodegas-guadalajara,,,,,,,,,,,,,,,,,,,,,,,,,,,
mitula,Ixtlahuacﾃ｡n de los membrillos,Venta,Bodega,https://casas.mitula.mx/casas/venta-bodegas-ixtlahuacan-de-los-membrillos,,,,,,,,,,,,,,,,,,,,,,,,,,,
mitula,Juanacatlﾃ｡n,Venta,Bodega,https://casas.mitula.mx/casas/venta-bodegas-juanacatlan,,,,,,,,,,,,,,,,,,,,,,,,,,,
mitula,San Pedro Tlaquepaque,Venta,Bodega,https://casas.mitula.mx/casas/venta-bodegas-san-pedro-tlaquepaque,,,,,,,,,,,,,,,,,,,,,,,,,,,
mitula,Tlajomulco de Zuﾃｱiga,Venta,Bodega,https://casas.mitula.mx/casas/venta-bodegas-tlajomulco-de-zuniga,,,,,,,,,,,,,,,,,,,,,,,,,,,
mitula,Tonalﾃ｡,Venta,Bodega,https://casas.mitula.mx/casas/venta-bodegas-tonala,,,,,,,,,,,,,,,,,,,,,,,,,,,
mitula,Zapopan,Venta,Bodega,https://casas.mitula.mx/casas/venta-bodegas-zapopan,,,,,,,,,,,,,,,,,,,,,,,,,,,
mitula,Zapotlanejo,Venta,Bodega,https://casas.mitula.mx/casas/venta-bodegas-zapotlanejo,,,,,,,,,,,,,,,,,,,,,,,,,,,
mitula,El Salto,Renta,Bungalow,https://casas.mitula.mx/casas/renta-bungalows-el-salto,,,,,,,,,,,,,,,,,,,,,,,,,,,
mitula,Guadalajara,Renta,Bungalow,https://casas.mitula.mx/casas/renta-bungalows-guadalajara,,,,,,,,,,,,,,,,,,,,,,,,,,,
mitula,Ixtlahuacﾃ｡n de los membrillos,Renta,Bungalow,https://casas.mitula.mx/casas/renta-bungalows-ixtlahuacan-de-los-membrillos,,,,,,,,,,,,,,,,,,,,,,,,,,,
mitula,Juanacatlﾃ｡n,Renta,Bungalow,https://casas.mitula.mx/casas/renta-bungalows-juanacatlan,,,,,,,,,,,,,,,,,,,,,,,,,,,
mitula,San Pedro Tlaquepaque,Renta,Bungalow,https://casas.mitula.mx/casas/renta-bungalows-san-pedro-tlaquepaque,,,,,,,,,,,,,,,,,,,,,,,,,,,
mitula,Tlajomulco de Zuﾃｱiga,Renta,Bungalow,https://casas.mitula.mx/casas/renta-bungalows-tlajomulco-de-zuniga,,,,,,,,,,,,,,,,,,,,,,,,,,,
mitula,Tonalﾃ｡,Renta,Bungalow,https://casas.mitula.mx/casas/renta-bungalows-tonala,,,,,,,,,,,,,,,,,,,,,,,,,,,
mitula,Zapopan,Renta,Bungalow,https://casas.mitula.mx/casas/renta-bungalows-zapopan,,,,,,,,,,,,,,,,,,,,,,,,,,,
mitula,Zapotlanejo,Renta,Bungalow,https://casas.mitula.mx/casas/renta-bungalows-zapotlanejo,,,,,,,,,,,,,,,,,,,,,,,,,,,
mitula,El Salto,Venta,Bungalow,https://casas.mitula.mx/casas/venta-bungalows-el-salto,,,,,,,,,,,,,,,,,,,,,,,,,,,
mitula,Guadalajara,Venta,Bungalow,https://casas.mitula.mx/casas/venta-bungalows-guadalajara,,,,,,,,,,,,,,,,,,,,,,,,,,,
mitula,Ixtlahuacﾃ｡n de los membrillos,Venta,Bungalow,https://casas.mitula.mx/casas/venta-bungalows-ixtlahuacan-de-los-membrillos,,,,,,,,,,,,,,,,,,,,,,,,,,,
mitula,Juanacatlﾃ｡n,Venta,Bungalow,https://casas.mitula.mx/casas/venta-bungalows-juanacatlan,,,,,,,,,,,,,,,,,,,,,,,,,,,
mitula,San Pedro Tlaquepaque,Venta,Bungalow,https://casas.mitula.mx/casas/venta-bungalows-san-pedro-tlaquepaque,,,,,,,,,,,,,,,,,,,,,,,,,,,
mitula,Tlajomulco de Zuﾃｱiga,Venta,Bungalow,https://casas.mitula.mx/casas/venta-bungalows-tlajomulco-de-zuniga,,,,,,,,,,,,,,,,,,,,,,,,,,,
mitula,Tonalﾃ｡,Venta,Bungalow,https://casas.mitula.mx/casas/venta-bungalows-tonala,,,,,,,,,,,,,,,,,,,,,,,,,,,
mitula,Zapopan,Venta,Bungalow,https://casas.mitula.mx/casas/venta-bungalows-zapopan,,,,,,,,,,,,,,,,,,,,,,,,,,,
mitula,Zapotlanejo,Venta,Bungalow,https://casas.mitula.mx/casas/venta-bungalows-zapotlanejo,,,,,,,,,,,,,,,,,,,,,,,,,,,
mitula,El Salto,Renta,Casa en Condominio,https://casas.mitula.mx/casas/renta-casas-en-condominio-el-salto,,,,,,,,,,,,,,,,,,,,,,,,,,,
mitula,Guadalajara,Renta,Casa en Condominio,https://casas.mitula.mx/casas/renta-casas-en-condominio-guadalajara,,,,,,,,,,,,,,,,,,,,,,,,,,,
mitula,Ixtlahuacﾃ｡n de los membrillos,Renta,Casa en Condominio,https://casas.mitula.mx/casas/renta-casas-en-condominio-ixtlahuacan-de-los-membrillos,,,,,,,,,,,,,,,,,,,,,,,,,,,
mitula,Juanacatlﾃ｡n,Renta,Casa en Condominio,https://casas.mitula.mx/casas/renta-casas-en-condominio-juanacatlan,,,,,,,,,,,,,,,,,,,,,,,,,,,
mitula,San Pedro Tlaquepaque,Renta,Casa en Condominio,https://casas.mitula.mx/casas/renta-casas-en-condominio-san-pedro-tlaquepaque,,,,,,,,,,,,,,,,,,,,,,,,,,,
mitula,Tlajomulco de Zuﾃｱiga,Renta,Casa en Condominio,https://casas.mitula.mx/casas/renta-casas-en-condominio-tlajomulco-de-zuniga,,,,,,,,,,,,,,,,,,,,,,,,,,,
mitula,Tonalﾃ｡,Renta,Casa en Condominio,https://casas.mitula.mx/casas/renta-casas-en-condominio-tonala,,,,,,,,,,,,,,,,,,,,,,,,,,,
mitula,Zapopan,Renta,Casa en Condominio,https://casas.mitula.mx/casas/renta-casas-en-condominio-zapopan,,,,,,,,,,,,,,,,,,,,,,,,,,,
mitula,Zapotlanejo,Renta,Casa en Condominio,https://casas.mitula.mx/casas/renta-casas-en-condominio-zapotlanejo,,,,,,,,,,,,,,,,,,,,,,,,,,,
mitula,El Salto,Venta,Casa en Condominio,https://casas.mitula.mx/casas/venta-casas-en-condominio-el-salto,,,,,,,,,,,,,,,,,,,,,,,,,,,
mitula,Guadalajara,Venta,Casa en Condominio,https://casas.mitula.mx/casas/venta-casas-en-condominio-guadalajara,,,,,,,,,,,,,,,,,,,,,,,,,,,
mitula,Ixtlahuacﾃ｡n de los membrillos,Venta,Casa en Condominio,https://casas.mitula.mx/casas/venta-casas-en-condominio-ixtlahuacan-de-los-membrillos,,,,,,,,,,,,,,,,,,,,,,,,,,,
mitula,Juanacatlﾃ｡n,Venta,Casa en Condominio,https://casas.mitula.mx/casas/venta-casas-en-condominio-juanacatlan,,,,,,,,,,,,,,,,,,,,,,,,,,,
mitula,San Pedro Tlaquepaque,Venta,Casa en Condominio,https://casas.mitula.mx/casas/venta-casas-en-condominio-san-pedro-tlaquepaque,,,,,,,,,,,,,,,,,,,,,,,,,,,
mitula,Tlajomulco de Zuﾃｱiga,Venta,Casa en Condominio,https://casas.mitula.mx/casas/venta-casas-en-condominio-tlajomulco-de-zuniga,,,,,,,,,,,,,,,,,,,,,,,,,,,
mitula,Tonalﾃ｡,Venta,Casa en Condominio,https://casas.mitula.mx/casas/venta-casas-en-condominio-tonala,,,,,,,,,,,,,,,,,,,,,,,,,,,
mitula,Zapopan,Venta,Casa en Condominio,https://casas.mitula.mx/casas/venta-casas-en-condominio-zapopan,,,,,,,,,,,,,,,,,,,,,,,,,,,
mitula,Zapotlanejo,Venta,Casa en Condominio,https://casas.mitula.mx/casas/venta-casas-en-condominio-zapotlanejo,,,,,,,,,,,,,,,,,,,,,,,,,,,
mitula,El Salto,Renta,Casa en Fraccionamiento,https://casas.mitula.mx/casas/renta-casas-en-fraccionamiento-el-salto,,,,,,,,,,,,,,,,,,,,,,,,,,,
mitula,Guadalajara,Renta,Casa en Fraccionamiento,https://casas.mitula.mx/casas/renta-casas-en-fraccionamiento-guadalajara,,,,,,,,,,,,,,,,,,,,,,,,,,,
mitula,Ixtlahuacﾃ｡n de los membrillos,Renta,Casa en Fraccionamiento,https://casas.mitula.mx/casas/renta-casas-en-fraccionamiento-ixtlahuacan-de-los-membrillos,,,,,,,,,,,,,,,,,,,,,,,,,,,
mitula,Juanacatlﾃ｡n,Renta,Casa en Fraccionamiento,https://casas.mitula.mx/casas/renta-casas-en-fraccionamiento-juanacatlan,,,,,,,,,,,,,,,,,,,,,,,,,,,
mitula,San Pedro Tlaquepaque,Renta,Casa en Fraccionamiento,https://casas.mitula.mx/casas/renta-casas-en-fraccionamiento-san-pedro-tlaquepaque,,,,,,,,,,,,,,,,,,,,,,,,,,,
mitula,Tlajomulco de Zuﾃｱiga,Renta,Casa en Fraccionamiento,https://casas.mitula.mx/casas/renta-casas-en-fraccionamiento-tlajomulco-de-zuniga,,,,,,,,,,,,,,,,,,,,,,,,,,,
mitula,Tonalﾃ｡,Renta,Casa en Fraccionamiento,https://casas.mitula.mx/casas/renta-casas-en-fraccionamiento-tonala,,,,,,,,,,,,,,,,,,,,,,,,,,,
mitula,Zapopan,Renta,Casa en Fraccionamiento,https://casas.mitula.mx/casas/renta-casas-en-fraccionamiento-zapopan,,,,,,,,,,,,,,,,,,,,,,,,,,,
mitula,Zapotlanejo,Renta,Casa en Fraccionamiento,https://casas.mitula.mx/casas/renta-casas-en-fraccionamiento-zapotlanejo,,,,,,,,,,,,,,,,,,,,,,,,,,,
mitula,El Salto,Venta,Casa en Fraccionamiento,https://casas.mitula.mx/casas/venta-casas-en-fraccionamiento-el-salto,,,,,,,,,,,,,,,,,,,,,,,,,,,
mitula,Guadalajara,Venta,Casa en Fraccionamiento,https://casas.mitula.mx/casas/venta-casas-en-fraccionamiento-guadalajara,,,,,,,,,,,,,,,,,,,,,,,,,,,
mitula,Ixtlahuacﾃ｡n de los membrillos,Venta,Casa en Fraccionamiento,https://casas.mitula.mx/casas/venta-casas-en-fraccionamiento-ixtlahuacan-de-los-membrillos,,,,,,,,,,,,,,,,,,,,,,,,,,,
mitula,Juanacatlﾃ｡n,Venta,Casa en Fraccionamiento,https://casas.mitula.mx/casas/venta-casas-en-fraccionamiento-juanacatlan,,,,,,,,,,,,,,,,,,,,,,,,,,,
mitula,San Pedro Tlaquepaque,Venta,Casa en Fraccionamiento,https://casas.mitula.mx/casas/venta-casas-en-fraccionamiento-san-pedro-tlaquepaque,,,,,,,,,,,,,,,,,,,,,,,,,,,
mitula,Tlajomulco de Zuﾃｱiga,Venta,Casa en Fraccionamiento,https://casas.mitula.mx/casas/venta-casas-en-fraccionamiento-tlajomulco-de-zuniga,,,,,,,,,,,,,,,,,,,,,,,,,,,
mitula,Tonalﾃ｡,Venta,Casa en Fraccionamiento,https://casas.mitula.mx/casas/venta-casas-en-fraccionamiento-tonala,,,,,,,,,,,,,,,,,,,,,,,,,,,
mitula,Zapopan,Venta,Casa en Fraccionamiento,https://casas.mitula.mx/casas/venta-casas-en-fraccionamiento-zapopan,,,,,,,,,,,,,,,,,,,,,,,,,,,
mitula,Zapotlanejo,Venta,Casa en Fraccionamiento,https://casas.mitula.mx/casas/venta-casas-en-fraccionamiento-zapotlanejo,,,,,,,,,,,,,,,,,,,,,,,,,,,
mitula,El Salto,Renta,Condominio Horizontal,https://casas.mitula.mx/casas/renta-condominio-horizontal-el-salto,,,,,,,,,,,,,,,,,,,,,,,,,,,
mitula,Guadalajara,Renta,Condominio Horizontal,https://casas.mitula.mx/casas/renta-condominio-horizontal-guadalajara,,,,,,,,,,,,,,,,,,,,,,,,,,,
mitula,Ixtlahuacﾃ｡n de los membrillos,Renta,Condominio Horizontal,https://casas.mitula.mx/casas/renta-condominio-horizontal-ixtlahuacan-de-los-membrillos,,,,,,,,,,,,,,,,,,,,,,,,,,,
mitula,Juanacatlﾃ｡n,Renta,Condominio Horizontal,https://casas.mitula.mx/casas/renta-condominio-horizontal-juanacatlan,,,,,,,,,,,,,,,,,,,,,,,,,,,
mitula,San Pedro Tlaquepaque,Renta,Condominio Horizontal,https://casas.mitula.mx/casas/renta-condominio-horizontal-san-pedro-tlaquepaque,,,,,,,,,,,,,,,,,,,,,,,,,,,
mitula,Tlajomulco de Zuﾃｱiga,Renta,Condominio Horizontal,https://casas.mitula.mx/casas/renta-condominio-horizontal-tlajomulco-de-zuniga,,,,,,,,,,,,,,,,,,,,,,,,,,,
mitula,Tonalﾃ｡,Renta,Condominio Horizontal,https://casas.mitula.mx/casas/renta-condominio-horizontal-tonala,,,,,,,,,,,,,,,,,,,,,,,,,,,
mitula,Zapopan,Renta,Condominio Horizontal,https://casas.mitula.mx/casas/renta-condominio-horizontal-zapopan,,,,,,,,,,,,,,,,,,,,,,,,,,,
mitula,Zapotlanejo,Renta,Condominio Horizontal,https://casas.mitula.mx/casas/renta-condominio-horizontal-zapotlanejo,,,,,,,,,,,,,,,,,,,,,,,,,,,
mitula,El Salto,Venta,Condominio Horizontal,https://casas.mitula.mx/casas/venta-condominio-horizontal-el-salto,,,,,,,,,,,,,,,,,,,,,,,,,,,
mitula,Guadalajara,Venta,Condominio Horizontal,https://casas.mitula.mx/casas/venta-condominio-horizontal-guadalajara,,,,,,,,,,,,,,,,,,,,,,,,,,,
mitula,Ixtlahuacﾃ｡n de los membrillos,Venta,Condominio Horizontal,https://casas.mitula.mx/casas/venta-condominio-horizontal-ixtlahuacan-de-los-membrillos,,,,,,,,,,,,,,,,,,,,,,,,,,,
mitula,Juanacatlﾃ｡n,Venta,Condominio Horizontal,https://casas.mitula.mx/casas/venta-condominio-horizontal-juanacatlan,,,,,,,,,,,,,,,,,,,,,,,,,,,
mitula,San Pedro Tlaquepaque,Venta,Condominio Horizontal,https://casas.mitula.mx/casas/venta-condominio-horizontal-san-pedro-tlaquepaque,,,,,,,,,,,,,,,,,,,,,,,,,,,
mitula,Tlajomulco de Zuﾃｱiga,Venta,Condominio Horizontal,https://casas.mitula.mx/casas/venta-condominio-horizontal-tlajomulco-de-zuniga,,,,,,,,,,,,,,,,,,,,,,,,,,,
mitula,Tonalﾃ｡,Venta,Condominio Horizontal,https://casas.mitula.mx/casas/venta-condominio-horizontal-tonala,,,,,,,,,,,,,,,,,,,,,,,,,,,
mitula,Zapopan,Venta,Condominio Horizontal,https://casas.mitula.mx/casas/venta-condominio-horizontal-zapopan,,,,,,,,,,,,,,,,,,,,,,,,,,,
mitula,Zapotlanejo,Venta,Condominio Horizontal,https://casas.mitula.mx/casas/venta-condominio-horizontal-zapotlanejo,,,,,,,,,,,,,,,,,,,,,,,,,,,
mitula,El Salto,Renta,Cuarto,https://casas.mitula.mx/casas/renta-cuartos-el-salto,,,,,,,,,,,,,,,,,,,,,,,,,,,
mitula,Guadalajara,Renta,Cuarto,https://casas.mitula.mx/casas/renta-cuartos-guadalajara,,,,,,,,,,,,,,,,,,,,,,,,,,,
mitula,Ixtlahuacﾃ｡n de los membrillos,Renta,Cuarto,https://casas.mitula.mx/casas/renta-cuartos-ixtlahuacan-de-los-membrillos,,,,,,,,,,,,,,,,,,,,,,,,,,,
mitula,Juanacatlﾃ｡n,Renta,Cuarto,https://casas.mitula.mx/casas/renta-cuartos-juanacatlan,,,,,,,,,,,,,,,,,,,,,,,,,,,
mitula,San Pedro Tlaquepaque,Renta,Cuarto,https://casas.mitula.mx/casas/renta-cuartos-san-pedro-tlaquepaque,,,,,,,,,,,,,,,,,,,,,,,,,,,
mitula,Tlajomulco de Zuﾃｱiga,Renta,Cuarto,https://casas.mitula.mx/casas/renta-cuartos-tlajomulco-de-zuniga,,,,,,,,,,,,,,,,,,,,,,,,,,,
mitula,Tonalﾃ｡,Renta,Cuarto,https://casas.mitula.mx/casas/renta-cuartos-tonala,,,,,,,,,,,,,,,,,,,,,,,,,,,
mitula,Zapopan,Renta,Cuarto,https://casas.mitula.mx/casas/renta-cuartos-zapopan,,,,,,,,,,,,,,,,,,,,,,,,,,,
mitula,Zapotlanejo,Renta,Cuarto,https://casas.mitula.mx/casas/renta-cuartos-zapotlanejo,,,,,,,,,,,,,,,,,,,,,,,,,,,
mitula,El Salto,Venta,Cuarto,https://casas.mitula.mx/casas/venta-cuartos-el-salto,,,,,,,,,,,,,,,,,,,,,,,,,,,
mitula,Guadalajara,Venta,Cuarto,https://casas.mitula.mx/casas/venta-cuartos-guadalajara,,,,,,,,,,,,,,,,,,,,,,,,,,,
mitula,Ixtlahuacﾃ｡n de los membrillos,Venta,Cuarto,https://casas.mitula.mx/casas/venta-cuartos-ixtlahuacan-de-los-membrillos,,,,,,,,,,,,,,,,,,,,,,,,,,,
mitula,Juanacatlﾃ｡n,Venta,Cuarto,https://casas.mitula.mx/casas/venta-cuartos-juanacatlan,,,,,,,,,,,,,,,,,,,,,,,,,,,
mitula,San Pedro Tlaquepaque,Venta,Cuarto,https://casas.mitula.mx/casas/venta-cuartos-san-pedro-tlaquepaque,,,,,,,,,,,,,,,,,,,,,,,,,,,
mitula,Tlajomulco de Zuﾃｱiga,Venta,Cuarto,https://casas.mitula.mx/casas/venta-cuartos-tlajomulco-de-zuniga,,,,,,,,,,,,,,,,,,,,,,,,,,,
mitula,Tonalﾃ｡,Venta,Cuarto,https://casas.mitula.mx/casas/venta-cuartos-tonala,,,,,,,,,,,,,,,,,,,,,,,,,,,
mitula,Zapopan,Venta,Cuarto,https://casas.mitula.mx/casas/venta-cuartos-zapopan,,,,,,,,,,,,,,,,,,,,,,,,,,,
mitula,Zapotlanejo,Venta,Cuarto,https://casas.mitula.mx/casas/venta-cuartos-zapotlanejo,,,,,,,,,,,,,,,,,,,,,,,,,,,
mitula,El Salto,Renta,Dﾃｺplex,https://casas.mitula.mx/casas/renta-duplex-el-salto,,,,,,,,,,,,,,,,,,,,,,,,,,,
mitula,Guadalajara,Renta,Dﾃｺplex,https://casas.mitula.mx/casas/renta-duplex-guadalajara,,,,,,,,,,,,,,,,,,,,,,,,,,,
mitula,Ixtlahuacﾃ｡n de los membrillos,Renta,Dﾃｺplex,https://casas.mitula.mx/casas/renta-duplex-ixtlahuacan-de-los-membrillos,,,,,,,,,,,,,,,,,,,,,,,,,,,
mitula,Juanacatlﾃ｡n,Renta,Dﾃｺplex,https://casas.mitula.mx/casas/renta-duplex-juanacatlan,,,,,,,,,,,,,,,,,,,,,,,,,,,
mitula,San Pedro Tlaquepaque,Renta,Dﾃｺplex,https://casas.mitula.mx/casas/renta-duplex-san-pedro-tlaquepaque,,,,,,,,,,,,,,,,,,,,,,,,,,,
mitula,Tlajomulco de Zuﾃｱiga,Renta,Dﾃｺplex,https://casas.mitula.mx/casas/renta-duplex-tlajomulco-de-zuniga,,,,,,,,,,,,,,,,,,,,,,,,,,,
mitula,Tonalﾃ｡,Renta,Dﾃｺplex,https://casas.mitula.mx/casas/renta-duplex-tonala,,,,,,,,,,,,,,,,,,,,,,,,,,,
mitula,Zapopan,Renta,Dﾃｺplex,https://casas.mitula.mx/casas/renta-duplex-zapopan,,,,,,,,,,,,,,,,,,,,,,,,,,,
mitula,Zapotlanejo,Renta,Dﾃｺplex,https://casas.mitula.mx/casas/renta-duplex-zapotlanejo,,,,,,,,,,,,,,,,,,,,,,,,,,,
mitula,El Salto,Venta,Dﾃｺplex,https://casas.mitula.mx/casas/venta-duplex-el-salto,,,,,,,,,,,,,,,,,,,,,,,,,,,
mitula,Guadalajara,Venta,Dﾃｺplex,https://casas.mitula.mx/casas/venta-duplex-guadalajara,,,,,,,,,,,,,,,,,,,,,,,,,,,
mitula,Ixtlahuacﾃ｡n de los membrillos,Venta,Dﾃｺplex,https://casas.mitula.mx/casas/venta-duplex-ixtlahuacan-de-los-membrillos,,,,,,,,,,,,,,,,,,,,,,,,,,,
mitula,Juanacatlﾃ｡n,Venta,Dﾃｺplex,https://casas.mitula.mx/casas/venta-duplex-juanacatlan,,,,,,,,,,,,,,,,,,,,,,,,,,,
mitula,San Pedro Tlaquepaque,Venta,Dﾃｺplex,https://casas.mitula.mx/casas/venta-duplex-san-pedro-tlaquepaque,,,,,,,,,,,,,,,,,,,,,,,,,,,
mitula,Tlajomulco de Zuﾃｱiga,Venta,Dﾃｺplex,https://casas.mitula.mx/casas/venta-duplex-tlajomulco-de-zuniga,,,,,,,,,,,,,,,,,,,,,,,,,,,
mitula,Tonalﾃ｡,Venta,Dﾃｺplex,https://casas.mitula.mx/casas/venta-duplex-tonala,,,,,,,,,,,,,,,,,,,,,,,,,,,
mitula,Zapopan,Venta,Dﾃｺplex,https://casas.mitula.mx/casas/venta-duplex-zapopan,,,,,,,,,,,,,,,,,,,,,,,,,,,
mitula,Zapotlanejo,Venta,Dﾃｺplex,https://casas.mitula.mx/casas/venta-duplex-zapotlanejo,,,,,,,,,,,,,,,,,,,,,,,,,,,
mitula,El Salto,Renta,Departamento,https://casas.mitula.mx/casas/renta-departamentos-el-salto,,,,,,,,,,,,,,,,,,,,,,,,,,,
mitula,Guadalajara,Renta,Departamento,https://casas.mitula.mx/casas/renta-departamentos-guadalajara,,,,,,,,,,,,,,,,,,,,,,,,,,,
mitula,Ixtlahuacﾃ｡n de los membrillos,Renta,Departamento,https://casas.mitula.mx/casas/renta-departamentos-ixtlahuacan-de-los-membrillos,,,,,,,,,,,,,,,,,,,,,,,,,,,
mitula,Juanacatlﾃ｡n,Renta,Departamento,https://casas.mitula.mx/casas/renta-departamentos-juanacatlan,,,,,,,,,,,,,,,,,,,,,,,,,,,
mitula,San Pedro Tlaquepaque,Renta,Departamento,https://casas.mitula.mx/casas/renta-departamentos-san-pedro-tlaquepaque,,,,,,,,,,,,,,,,,,,,,,,,,,,
mitula,Tlajomulco de Zuﾃｱiga,Renta,Departamento,https://casas.mitula.mx/casas/renta-departamentos-tlajomulco-de-zuniga,,,,,,,,,,,,,,,,,,,,,,,,,,,
mitula,Tonalﾃ｡,Renta,Departamento,https://casas.mitula.mx/casas/renta-departamentos-tonala,,,,,,,,,,,,,,,,,,,,,,,,,,,
mitula,Zapopan,Renta,Departamento,https://casas.mitula.mx/casas/renta-departamentos-zapopan,,,,,,,,,,,,,,,,,,,,,,,,,,,
mitula,Zapotlanejo,Renta,Departamento,https://casas.mitula.mx/casas/renta-departamentos-zapotlanejo,,,,,,,,,,,,,,,,,,,,,,,,,,,
mitula,El Salto,Venta,Departamento,https://casas.mitula.mx/casas/venta-departamentos-el-salto,,,,,,,,,,,,,,,,,,,,,,,,,,,
mitula,Guadalajara,Venta,Departamento,https://casas.mitula.mx/casas/venta-departamentos-guadalajara,,,,,,,,,,,,,,,,,,,,,,,,,,,
mitula,Ixtlahuacﾃ｡n de los membrillos,Venta,Departamento,https://casas.mitula.mx/casas/venta-departamentos-ixtlahuacan-de-los-membrillos,,,,,,,,,,,,,,,,,,,,,,,,,,,
mitula,Juanacatlﾃ｡n,Venta,Departamento,https://casas.mitula.mx/casas/venta-departamentos-juanacatlan,,,,,,,,,,,,,,,,,,,,,,,,,,,
mitula,San Pedro Tlaquepaque,Venta,Departamento,https://casas.mitula.mx/casas/venta-departamentos-san-pedro-tlaquepaque,,,,,,,,,,,,,,,,,,,,,,,,,,,
mitula,Tlajomulco de Zuﾃｱiga,Venta,Departamento,https://casas.mitula.mx/casas/venta-departamentos-tlajomulco-de-zuniga,,,,,,,,,,,,,,,,,,,,,,,,,,,
mitula,Tonalﾃ｡,Venta,Departamento,https://casas.mitula.mx/casas/venta-departamentos-tonala,,,,,,,,,,,,,,,,,,,,,,,,,,,
mitula,Zapopan,Venta,Departamento,https://casas.mitula.mx/casas/venta-departamentos-zapopan,,,,,,,,,,,,,,,,,,,,,,,,,,,
mitula,Zapotlanejo,Venta,Departamento,https://casas.mitula.mx/casas/venta-departamentos-zapotlanejo,,,,,,,,,,,,,,,,,,,,,,,,,,,
mitula,El Salto,Renta,Desvﾃ｡n,https://casas.mitula.mx/casas/renta-desvanes-el-salto,,,,,,,,,,,,,,,,,,,,,,,,,,,
mitula,Guadalajara,Renta,Desvﾃ｡n,https://casas.mitula.mx/casas/renta-desvanes-guadalajara,,,,,,,,,,,,,,,,,,,,,,,,,,,
mitula,Ixtlahuacﾃ｡n de los membrillos,Renta,Desvﾃ｡n,https://casas.mitula.mx/casas/renta-desvanes-ixtlahuacan-de-los-membrillos,,,,,,,,,,,,,,,,,,,,,,,,,,,
mitula,Juanacatlﾃ｡n,Renta,Desvﾃ｡n,https://casas.mitula.mx/casas/renta-desvanes-juanacatlan,,,,,,,,,,,,,,,,,,,,,,,,,,,
mitula,San Pedro Tlaquepaque,Renta,Desvﾃ｡n,https://casas.mitula.mx/casas/renta-desvanes-san-pedro-tlaquepaque,,,,,,,,,,,,,,,,,,,,,,,,,,,
mitula,Tlajomulco de Zuﾃｱiga,Renta,Desvﾃ｡n,https://casas.mitula.mx/casas/renta-desvanes-tlajomulco-de-zuniga,,,,,,,,,,,,,,,,,,,,,,,,,,,
mitula,Tonalﾃ｡,Renta,Desvﾃ｡n,https://casas.mitula.mx/casas/renta-desvanes-tonala,,,,,,,,,,,,,,,,,,,,,,,,,,,
mitula,Zapopan,Renta,Desvﾃ｡n,https://casas.mitula.mx/casas/renta-desvanes-zapopan,,,,,,,,,,,,,,,,,,,,,,,,,,,
mitula,Zapotlanejo,Renta,Desvﾃ｡n,https://casas.mitula.mx/casas/renta-desvanes-zapotlanejo,,,,,,,,,,,,,,,,,,,,,,,,,,,
mitula,El Salto,Venta,Desvﾃ｡n,https://casas.mitula.mx/casas/venta-desvanes-el-salto,,,,,,,,,,,,,,,,,,,,,,,,,,,
mitula,Guadalajara,Venta,Desvﾃ｡n,https://casas.mitula.mx/casas/venta-desvanes-guadalajara,,,,,,,,,,,,,,,,,,,,,,,,,,,
mitula,Ixtlahuacﾃ｡n de los membrillos,Venta,Desvﾃ｡n,https://casas.mitula.mx/casas/venta-desvanes-ixtlahuacan-de-los-membrillos,,,,,,,,,,,,,,,,,,,,,,,,,,,
mitula,Juanacatlﾃ｡n,Venta,Desvﾃ｡n,https://casas.mitula.mx/casas/venta-desvanes-juanacatlan,,,,,,,,,,,,,,,,,,,,,,,,,,,
mitula,San Pedro Tlaquepaque,Venta,Desvﾃ｡n,https://casas.mitula.mx/casas/venta-desvanes-san-pedro-tlaquepaque,,,,,,,,,,,,,,,,,,,,,,,,,,,
mitula,Tlajomulco de Zuﾃｱiga,Venta,Desvﾃ｡n,https://casas.mitula.mx/casas/venta-desvanes-tlajomulco-de-zuniga,,,,,,,,,,,,,,,,,,,,,,,,,,,
mitula,Tonalﾃ｡,Venta,Desvﾃ｡n,https://casas.mitula.mx/casas/venta-desvanes-tonala,,,,,,,,,,,,,,,,,,,,,,,,,,,
mitula,Zapopan,Venta,Desvﾃ｡n,https://casas.mitula.mx/casas/venta-desvanes-zapopan,,,,,,,,,,,,,,,,,,,,,,,,,,,
mitula,Zapotlanejo,Venta,Desvﾃ｡n,https://casas.mitula.mx/casas/venta-desvanes-zapotlanejo,,,,,,,,,,,,,,,,,,,,,,,,,,,
mitula,El Salto,Renta,Edificio,https://casas.mitula.mx/casas/renta-edificios-el-salto,,,,,,,,,,,,,,,,,,,,,,,,,,,
mitula,Guadalajara,Renta,Edificio,https://casas.mitula.mx/casas/renta-edificios-guadalajara,,,,,,,,,,,,,,,,,,,,,,,,,,,
mitula,Ixtlahuacﾃ｡n de los membrillos,Renta,Edificio,https://casas.mitula.mx/casas/renta-edificios-ixtlahuacan-de-los-membrillos,,,,,,,,,,,,,,,,,,,,,,,,,,,
mitula,Juanacatlﾃ｡n,Renta,Edificio,https://casas.mitula.mx/casas/renta-edificios-juanacatlan,,,,,,,,,,,,,,,,,,,,,,,,,,,
mitula,San Pedro Tlaquepaque,Renta,Edificio,https://casas.mitula.mx/casas/renta-edificios-san-pedro-tlaquepaque,,,,,,,,,,,,,,,,,,,,,,,,,,,
mitula,Tlajomulco de Zuﾃｱiga,Renta,Edificio,https://casas.mitula.mx/casas/renta-edificios-tlajomulco-de-zuniga,,,,,,,,,,,,,,,,,,,,,,,,,,,
mitula,Tonalﾃ｡,Renta,Edificio,https://casas.mitula.mx/casas/renta-edificios-tonala,,,,,,,,,,,,,,,,,,,,,,,,,,,
mitula,Zapopan,Renta,Edificio,https://casas.mitula.mx/casas/renta-edificios-zapopan,,,,,,,,,,,,,,,,,,,,,,,,,,,
mitula,Zapotlanejo,Renta,Edificio,https://casas.mitula.mx/casas/renta-edificios-zapotlanejo,,,,,,,,,,,,,,,,,,,,,,,,,,,
mitula,El Salto,Venta,Edificio,https://casas.mitula.mx/casas/venta-edificios-el-salto,,,,,,,,,,,,,,,,,,,,,,,,,,,
mitula,Guadalajara,Venta,Edificio,https://casas.mitula.mx/casas/venta-edificios-guadalajara,,,,,,,,,,,,,,,,,,,,,,,,,,,
mitula,Ixtlahuacﾃ｡n de los membrillos,Venta,Edificio,https://casas.mitula.mx/casas/venta-edificios-ixtlahuacan-de-los-membrillos,,,,,,,,,,,,,,,,,,,,,,,,,,,
mitula,Juanacatlﾃ｡n,Venta,Edificio,https://casas.mitula.mx/casas/venta-edificios-juanacatlan,,,,,,,,,,,,,,,,,,,,,,,,,,,
mitula,San Pedro Tlaquepaque,Venta,Edificio,https://casas.mitula.mx/casas/venta-edificios-san-pedro-tlaquepaque,,,,,,,,,,,,,,,,,,,,,,,,,,,
mitula,Tlajomulco de Zuﾃｱiga,Venta,Edificio,https://casas.mitula.mx/casas/venta-edificios-tlajomulco-de-zuniga,,,,,,,,,,,,,,,,,,,,,,,,,,,
mitula,Tonalﾃ｡,Venta,Edificio,https://casas.mitula.mx/casas/venta-edificios-tonala,,,,,,,,,,,,,,,,,,,,,,,,,,,
mitula,Zapopan,Venta,Edificio,https://casas.mitula.mx/casas/venta-edificios-zapopan,,,,,,,,,,,,,,,,,,,,,,,,,,,
mitula,Zapotlanejo,Venta,Edificio,https://casas.mitula.mx/casas/venta-edificios-zapotlanejo,,,,,,,,,,,,,,,,,,,,,,,,,,,
mitula,El Salto,Renta,Estudio,https://casas.mitula.mx/casas/renta-estudios-el-salto,,,,,,,,,,,,,,,,,,,,,,,,,,,
mitula,Guadalajara,Renta,Estudio,https://casas.mitula.mx/casas/renta-estudios-guadalajara,,,,,,,,,,,,,,,,,,,,,,,,,,,
mitula,Ixtlahuacﾃ｡n de los membrillos,Renta,Estudio,https://casas.mitula.mx/casas/renta-estudios-ixtlahuacan-de-los-membrillos,,,,,,,,,,,,,,,,,,,,,,,,,,,
mitula,Juanacatlﾃ｡n,Renta,Estudio,https://casas.mitula.mx/casas/renta-estudios-juanacatlan,,,,,,,,,,,,,,,,,,,,,,,,,,,
mitula,San Pedro Tlaquepaque,Renta,Estudio,https://casas.mitula.mx/casas/renta-estudios-san-pedro-tlaquepaque,,,,,,,,,,,,,,,,,,,,,,,,,,,
mitula,Tlajomulco de Zuﾃｱiga,Renta,Estudio,https://casas.mitula.mx/casas/renta-estudios-tlajomulco-de-zuniga,,,,,,,,,,,,,,,,,,,,,,,,,,,
mitula,Tonalﾃ｡,Renta,Estudio,https://casas.mitula.mx/casas/renta-estudios-tonala,,,,,,,,,,,,,,,,,,,,,,,,,,,
mitula,Zapopan,Renta,Estudio,https://casas.mitula.mx/casas/renta-estudios-zapopan,,,,,,,,,,,,,,,,,,,,,,,,,,,
mitula,Zapotlanejo,Renta,Estudio,https://casas.mitula.mx/casas/renta-estudios-zapotlanejo,,,,,,,,,,,,,,,,,,,,,,,,,,,
mitula,El Salto,Venta,Estudio,https://casas.mitula.mx/casas/venta-estudios-el-salto,,,,,,,,,,,,,,,,,,,,,,,,,,,
mitula,Guadalajara,Venta,Estudio,https://casas.mitula.mx/casas/venta-estudios-guadalajara,,,,,,,,,,,,,,,,,,,,,,,,,,,
mitula,Ixtlahuacﾃ｡n de los membrillos,Venta,Estudio,https://casas.mitula.mx/casas/venta-estudios-ixtlahuacan-de-los-membrillos,,,,,,,,,,,,,,,,,,,,,,,,,,,
mitula,Juanacatlﾃ｡n,Venta,Estudio,https://casas.mitula.mx/casas/venta-estudios-juanacatlan,,,,,,,,,,,,,,,,,,,,,,,,,,,
mitula,San Pedro Tlaquepaque,Venta,Estudio,https://casas.mitula.mx/casas/venta-estudios-san-pedro-tlaquepaque,,,,,,,,,,,,,,,,,,,,,,,,,,,
mitula,Tlajomulco de Zuﾃｱiga,Venta,Estudio,https://casas.mitula.mx/casas/venta-estudios-tlajomulco-de-zuniga,,,,,,,,,,,,,,,,,,,,,,,,,,,
mitula,Tonalﾃ｡,Venta,Estudio,https://casas.mitula.mx/casas/venta-estudios-tonala,,,,,,,,,,,,,,,,,,,,,,,,,,,
mitula,Zapopan,Venta,Estudio,https://casas.mitula.mx/casas/venta-estudios-zapopan,,,,,,,,,,,,,,,,,,,,,,,,,,,
mitula,Zapotlanejo,Venta,Estudio,https://casas.mitula.mx/casas/venta-estudios-zapotlanejo,,,,,,,,,,,,,,,,,,,,,,,,,,,
mitula,El Salto,Renta,Hacienda,https://casas.mitula.mx/casas/renta-haciendas-el-salto,,,,,,,,,,,,,,,,,,,,,,,,,,,
mitula,Guadalajara,Renta,Hacienda,https://casas.mitula.mx/casas/renta-haciendas-guadalajara,,,,,,,,,,,,,,,,,,,,,,,,,,,
mitula,Ixtlahuacﾃ｡n de los membrillos,Renta,Hacienda,https://casas.mitula.mx/casas/renta-haciendas-ixtlahuacan-de-los-membrillos,,,,,,,,,,,,,,,,,,,,,,,,,,,
mitula,Juanacatlﾃ｡n,Renta,Hacienda,https://casas.mitula.mx/casas/renta-haciendas-juanacatlan,,,,,,,,,,,,,,,,,,,,,,,,,,,
mitula,San Pedro Tlaquepaque,Renta,Hacienda,https://casas.mitula.mx/casas/renta-haciendas-san-pedro-tlaquepaque,,,,,,,,,,,,,,,,,,,,,,,,,,,
mitula,Tlajomulco de Zuﾃｱiga,Renta,Hacienda,https://casas.mitula.mx/casas/renta-haciendas-tlajomulco-de-zuniga,,,,,,,,,,,,,,,,,,,,,,,,,,,
mitula,Tonalﾃ｡,Renta,Hacienda,https://casas.mitula.mx/casas/renta-haciendas-tonala,,,,,,,,,,,,,,,,,,,,,,,,,,,
mitula,Zapopan,Renta,Hacienda,https://casas.mitula.mx/casas/renta-haciendas-zapopan,,,,,,,,,,,,,,,,,,,,,,,,,,,
mitula,Zapotlanejo,Renta,Hacienda,https://casas.mitula.mx/casas/renta-haciendas-zapotlanejo,,,,,,,,,,,,,,,,,,,,,,,,,,,
mitula,El Salto,Venta,Hacienda,https://casas.mitula.mx/casas/venta-haciendas-el-salto,,,,,,,,,,,,,,,,,,,,,,,,,,,
mitula,Guadalajara,Venta,Hacienda,https://casas.mitula.mx/casas/venta-haciendas-guadalajara,,,,,,,,,,,,,,,,,,,,,,,,,,,
mitula,Ixtlahuacﾃ｡n de los membrillos,Venta,Hacienda,https://casas.mitula.mx/casas/venta-haciendas-ixtlahuacan-de-los-membrillos,,,,,,,,,,,,,,,,,,,,,,,,,,,
mitula,Juanacatlﾃ｡n,Venta,Hacienda,https://casas.mitula.mx/casas/venta-haciendas-juanacatlan,,,,,,,,,,,,,,,,,,,,,,,,,,,
mitula,San Pedro Tlaquepaque,Venta,Hacienda,https://casas.mitula.mx/casas/venta-haciendas-san-pedro-tlaquepaque,,,,,,,,,,,,,,,,,,,,,,,,,,,
mitula,Tlajomulco de Zuﾃｱiga,Venta,Hacienda,https://casas.mitula.mx/casas/venta-haciendas-tlajomulco-de-zuniga,,,,,,,,,,,,,,,,,,,,,,,,,,,
mitula,Tonalﾃ｡,Venta,Hacienda,https://casas.mitula.mx/casas/venta-haciendas-tonala,,,,,,,,,,,,,,,,,,,,,,,,,,,
mitula,Zapopan,Venta,Hacienda,https://casas.mitula.mx/casas/venta-haciendas-zapopan,,,,,,,,,,,,,,,,,,,,,,,,,,,
mitula,Zapotlanejo,Venta,Hacienda,https://casas.mitula.mx/casas/venta-haciendas-zapotlanejo,,,,,,,,,,,,,,,,,,,,,,,,,,,
mitula,El Salto,Renta,Hotel,https://casas.mitula.mx/casas/renta-hoteles-el-salto,,,,,,,,,,,,,,,,,,,,,,,,,,,
mitula,Guadalajara,Renta,Hotel,https://casas.mitula.mx/casas/renta-hoteles-guadalajara,,,,,,,,,,,,,,,,,,,,,,,,,,,
mitula,Ixtlahuacﾃ｡n de los membrillos,Renta,Hotel,https://casas.mitula.mx/casas/renta-hoteles-ixtlahuacan-de-los-membrillos,,,,,,,,,,,,,,,,,,,,,,,,,,,
mitula,Juanacatlﾃ｡n,Renta,Hotel,https://casas.mitula.mx/casas/renta-hoteles-juanacatlan,,,,,,,,,,,,,,,,,,,,,,,,,,,
mitula,San Pedro Tlaquepaque,Renta,Hotel,https://casas.mitula.mx/casas/renta-hoteles-san-pedro-tlaquepaque,,,,,,,,,,,,,,,,,,,,,,,,,,,
mitula,Tlajomulco de Zuﾃｱiga,Renta,Hotel,https://casas.mitula.mx/casas/renta-hoteles-tlajomulco-de-zuniga,,,,,,,,,,,,,,,,,,,,,,,,,,,
mitula,Tonalﾃ｡,Renta,Hotel,https://casas.mitula.mx/casas/renta-hoteles-tonala,,,,,,,,,,,,,,,,,,,,,,,,,,,
mitula,Zapopan,Renta,Hotel,https://casas.mitula.mx/casas/renta-hoteles-zapopan,,,,,,,,,,,,,,,,,,,,,,,,,,,
mitula,Zapotlanejo,Renta,Hotel,https://casas.mitula.mx/casas/renta-hoteles-zapotlanejo,,,,,,,,,,,,,,,,,,,,,,,,,,,
mitula,El Salto,Venta,Hotel,https://casas.mitula.mx/casas/venta-hoteles-el-salto,,,,,,,,,,,,,,,,,,,,,,,,,,,
mitula,Guadalajara,Venta,Hotel,https://casas.mitula.mx/casas/venta-hoteles-guadalajara,,,,,,,,,,,,,,,,,,,,,,,,,,,
mitula,Ixtlahuacﾃ｡n de los membrillos,Venta,Hotel,https://casas.mitula.mx/casas/venta-hoteles-ixtlahuacan-de-los-membrillos,,,,,,,,,,,,,,,,,,,,,,,,,,,
mitula,Juanacatlﾃ｡n,Venta,Hotel,https://casas.mitula.mx/casas/venta-hoteles-juanacatlan,,,,,,,,,,,,,,,,,,,,,,,,,,,
mitula,San Pedro Tlaquepaque,Venta,Hotel,https://casas.mitula.mx/casas/venta-hoteles-san-pedro-tlaquepaque,,,,,,,,,,,,,,,,,,,,,,,,,,,
mitula,Tlajomulco de Zuﾃｱiga,Venta,Hotel,https://casas.mitula.mx/casas/venta-hoteles-tlajomulco-de-zuniga,,,,,,,,,,,,,,,,,,,,,,,,,,,
mitula,Tonalﾃ｡,Venta,Hotel,https://casas.mitula.mx/casas/venta-hoteles-tonala,,,,,,,,,,,,,,,,,,,,,,,,,,,
mitula,Zapopan,Venta,Hotel,https://casas.mitula.mx/casas/venta-hoteles-zapopan,,,,,,,,,,,,,,,,,,,,,,,,,,,
mitula,Zapotlanejo,Venta,Hotel,https://casas.mitula.mx/casas/venta-hoteles-zapotlanejo,,,,,,,,,,,,,,,,,,,,,,,,,,,
mitula,El Salto,Renta,Local Comercial,https://casas.mitula.mx/casas/renta-locales-comerciales-el-salto,,,,,,,,,,,,,,,,,,,,,,,,,,,
mitula,Guadalajara,Renta,Local Comercial,https://casas.mitula.mx/casas/renta-locales-comerciales-guadalajara,,,,,,,,,,,,,,,,,,,,,,,,,,,
mitula,Ixtlahuacﾃ｡n de los membrillos,Renta,Local Comercial,https://casas.mitula.mx/casas/renta-locales-comerciales-ixtlahuacan-de-los-membrillos,,,,,,,,,,,,,,,,,,,,,,,,,,,
mitula,Juanacatlﾃ｡n,Renta,Local Comercial,https://casas.mitula.mx/casas/renta-locales-comerciales-juanacatlan,,,,,,,,,,,,,,,,,,,,,,,,,,,
mitula,San Pedro Tlaquepaque,Renta,Local Comercial,https://casas.mitula.mx/casas/renta-locales-comerciales-san-pedro-tlaquepaque,,,,,,,,,,,,,,,,,,,,,,,,,,,
mitula,Tlajomulco de Zuﾃｱiga,Renta,Local Comercial,https://casas.mitula.mx/casas/renta-locales-comerciales-tlajomulco-de-zuniga,,,,,,,,,,,,,,,,,,,,,,,,,,,
mitula,Tonalﾃ｡,Renta,Local Comercial,https://casas.mitula.mx/casas/renta-locales-comerciales-tonala,,,,,,,,,,,,,,,,,,,,,,,,,,,
mitula,Zapopan,Renta,Local Comercial,https://casas.mitula.mx/casas/renta-locales-comerciales-zapopan,,,,,,,,,,,,,,,,,,,,,,,,,,,
mitula,Zapotlanejo,Renta,Local Comercial,https://casas.mitula.mx/casas/renta-locales-comerciales-zapotlanejo,,,,,,,,,,,,,,,,,,,,,,,,,,,
mitula,El Salto,Venta,Local Comercial,https://casas.mitula.mx/casas/venta-locales-comerciales-el-salto,,,,,,,,,,,,,,,,,,,,,,,,,,,
mitula,Guadalajara,Venta,Local Comercial,https://casas.mitula.mx/casas/venta-locales-comerciales-guadalajara,,,,,,,,,,,,,,,,,,,,,,,,,,,
mitula,Ixtlahuacﾃ｡n de los membrillos,Venta,Local Comercial,https://casas.mitula.mx/casas/venta-locales-comerciales-ixtlahuacan-de-los-membrillos,,,,,,,,,,,,,,,,,,,,,,,,,,,
mitula,Juanacatlﾃ｡n,Venta,Local Comercial,https://casas.mitula.mx/casas/venta-locales-comerciales-juanacatlan,,,,,,,,,,,,,,,,,,,,,,,,,,,
mitula,San Pedro Tlaquepaque,Venta,Local Comercial,https://casas.mitula.mx/casas/venta-locales-comerciales-san-pedro-tlaquepaque,,,,,,,,,,,,,,,,,,,,,,,,,,,
mitula,Tlajomulco de Zuﾃｱiga,Venta,Local Comercial,https://casas.mitula.mx/casas/venta-locales-comerciales-tlajomulco-de-zuniga,,,,,,,,,,,,,,,,,,,,,,,,,,,
mitula,Tonalﾃ｡,Venta,Local Comercial,https://casas.mitula.mx/casas/venta-locales-comerciales-tonala,,,,,,,,,,,,,,,,,,,,,,,,,,,
mitula,Zapopan,Venta,Local Comercial,https://casas.mitula.mx/casas/venta-locales-comerciales-zapopan,,,,,,,,,,,,,,,,,,,,,,,,,,,
mitula,Zapotlanejo,Venta,Local Comercial,https://casas.mitula.mx/casas/venta-locales-comerciales-zapotlanejo,,,,,,,,,,,,,,,,,,,,,,,,,,,
mitula,El Salto,Renta,Local en Centro Comercial,https://casas.mitula.mx/casas/renta-locales-en-centro-comercial-el-salto,,,,,,,,,,,,,,,,,,,,,,,,,,,
mitula,Guadalajara,Renta,Local en Centro Comercial,https://casas.mitula.mx/casas/renta-locales-en-centro-comercial-guadalajara,,,,,,,,,,,,,,,,,,,,,,,,,,,
mitula,Ixtlahuacﾃ｡n de los membrillos,Renta,Local en Centro Comercial,https://casas.mitula.mx/casas/renta-locales-en-centro-comercial-ixtlahuacan-de-los-membrillos,,,,,,,,,,,,,,,,,,,,,,,,,,,
mitula,Juanacatlﾃ｡n,Renta,Local en Centro Comercial,https://casas.mitula.mx/casas/renta-locales-en-centro-comercial-juanacatlan,,,,,,,,,,,,,,,,,,,,,,,,,,,
mitula,San Pedro Tlaquepaque,Renta,Local en Centro Comercial,https://casas.mitula.mx/casas/renta-locales-en-centro-comercial-san-pedro-tlaquepaque,,,,,,,,,,,,,,,,,,,,,,,,,,,
mitula,Tlajomulco de Zuﾃｱiga,Renta,Local en Centro Comercial,https://casas.mitula.mx/casas/renta-locales-en-centro-comercial-tlajomulco-de-zuniga,,,,,,,,,,,,,,,,,,,,,,,,,,,
mitula,Tonalﾃ｡,Renta,Local en Centro Comercial,https://casas.mitula.mx/casas/renta-locales-en-centro-comercial-tonala,,,,,,,,,,,,,,,,,,,,,,,,,,,
mitula,Zapopan,Renta,Local en Centro Comercial,https://casas.mitula.mx/casas/renta-locales-en-centro-comercial-zapopan,,,,,,,,,,,,,,,,,,,,,,,,,,,
mitula,Zapotlanejo,Renta,Local en Centro Comercial,https://casas.mitula.mx/casas/renta-locales-en-centro-comercial-zapotlanejo,,,,,,,,,,,,,,,,,,,,,,,,,,,
mitula,El Salto,Venta,Local en Centro Comercial,https://casas.mitula.mx/casas/venta-locales-en-centro-comercial-el-salto,,,,,,,,,,,,,,,,,,,,,,,,,,,
mitula,Guadalajara,Venta,Local en Centro Comercial,https://casas.mitula.mx/casas/venta-locales-en-centro-comercial-guadalajara,,,,,,,,,,,,,,,,,,,,,,,,,,,
mitula,Ixtlahuacﾃ｡n de los membrillos,Venta,Local en Centro Comercial,https://casas.mitula.mx/casas/venta-locales-en-centro-comercial-ixtlahuacan-de-los-membrillos,,,,,,,,,,,,,,,,,,,,,,,,,,,
mitula,Juanacatlﾃ｡n,Venta,Local en Centro Comercial,https://casas.mitula.mx/casas/venta-locales-en-centro-comercial-juanacatlan,,,,,,,,,,,,,,,,,,,,,,,,,,,
mitula,San Pedro Tlaquepaque,Venta,Local en Centro Comercial,https://casas.mitula.mx/casas/venta-locales-en-centro-comercial-san-pedro-tlaquepaque,,,,,,,,,,,,,,,,,,,,,,,,,,,
mitula,Tlajomulco de Zuﾃｱiga,Venta,Local en Centro Comercial,https://casas.mitula.mx/casas/venta-locales-en-centro-comercial-tlajomulco-de-zuniga,,,,,,,,,,,,,,,,,,,,,,,,,,,
mitula,Tonalﾃ｡,Venta,Local en Centro Comercial,https://casas.mitula.mx/casas/venta-locales-en-centro-comercial-tonala,,,,,,,,,,,,,,,,,,,,,,,,,,,
mitula,Zapopan,Venta,Local en Centro Comercial,https://casas.mitula.mx/casas/venta-locales-en-centro-comercial-zapopan,,,,,,,,,,,,,,,,,,,,,,,,,,,
mitula,Zapotlanejo,Venta,Local en Centro Comercial,https://casas.mitula.mx/casas/venta-locales-en-centro-comercial-zapotlanejo,,,,,,,,,,,,,,,,,,,,,,,,,,,
mitula,El Salto,Renta,Nave Industrial,https://casas.mitula.mx/casas/renta-naves-industriales-el-salto,,,,,,,,,,,,,,,,,,,,,,,,,,,
mitula,Guadalajara,Renta,Nave Industrial,https://casas.mitula.mx/casas/renta-naves-industriales-guadalajara,,,,,,,,,,,,,,,,,,,,,,,,,,,
mitula,Ixtlahuacﾃ｡n de los membrillos,Renta,Nave Industrial,https://casas.mitula.mx/casas/renta-naves-industriales-ixtlahuacan-de-los-membrillos,,,,,,,,,,,,,,,,,,,,,,,,,,,
mitula,Juanacatlﾃ｡n,Renta,Nave Industrial,https://casas.mitula.mx/casas/renta-naves-industriales-juanacatlan,,,,,,,,,,,,,,,,,,,,,,,,,,,
mitula,San Pedro Tlaquepaque,Renta,Nave Industrial,https://casas.mitula.mx/casas/renta-naves-industriales-san-pedro-tlaquepaque,,,,,,,,,,,,,,,,,,,,,,,,,,,
mitula,Tlajomulco de Zuﾃｱiga,Renta,Nave Industrial,https://casas.mitula.mx/casas/renta-naves-industriales-tlajomulco-de-zuniga,,,,,,,,,,,,,,,,,,,,,,,,,,,
mitula,Tonalﾃ｡,Renta,Nave Industrial,https://casas.mitula.mx/casas/renta-naves-industriales-tonala,,,,,,,,,,,,,,,,,,,,,,,,,,,
mitula,Zapopan,Renta,Nave Industrial,https://casas.mitula.mx/casas/renta-naves-industriales-zapopan,,,,,,,,,,,,,,,,,,,,,,,,,,,
mitula,Zapotlanejo,Renta,Nave Industrial,https://casas.mitula.mx/casas/renta-naves-industriales-zapotlanejo,,,,,,,,,,,,,,,,,,,,,,,,,,,
mitula,El Salto,Venta,Nave Industrial,https://casas.mitula.mx/casas/venta-naves-industriales-el-salto,,,,,,,,,,,,,,,,,,,,,,,,,,,
mitula,Guadalajara,Venta,Nave Industrial,https://casas.mitula.mx/casas/venta-naves-industriales-guadalajara,,,,,,,,,,,,,,,,,,,,,,,,,,,
mitula,Ixtlahuacﾃ｡n de los membrillos,Venta,Nave Industrial,https://casas.mitula.mx/casas/venta-naves-industriales-ixtlahuacan-de-los-membrillos,,,,,,,,,,,,,,,,,,,,,,,,,,,
mitula,Juanacatlﾃ｡n,Venta,Nave Industrial,https://casas.mitula.mx/casas/venta-naves-industriales-juanacatlan,,,,,,,,,,,,,,,,,,,,,,,,,,,
mitula,San Pedro Tlaquepaque,Venta,Nave Industrial,https://casas.mitula.mx/casas/venta-naves-industriales-san-pedro-tlaquepaque,,,,,,,,,,,,,,,,,,,,,,,,,,,
mitula,Tlajomulco de Zuﾃｱiga,Venta,Nave Industrial,https://casas.mitula.mx/casas/venta-naves-industriales-tlajomulco-de-zuniga,,,,,,,,,,,,,,,,,,,,,,,,,,,
mitula,Tonalﾃ｡,Venta,Nave Industrial,https://casas.mitula.mx/casas/venta-naves-industriales-tonala,,,,,,,,,,,,,,,,,,,,,,,,,,,
mitula,Zapopan,Venta,Nave Industrial,https://casas.mitula.mx/casas/venta-naves-industriales-zapopan,,,,,,,,,,,,,,,,,,,,,,,,,,,
mitula,Zapotlanejo,Venta,Nave Industrial,https://casas.mitula.mx/casas/venta-naves-industriales-zapotlanejo,,,,,,,,,,,,,,,,,,,,,,,,,,,
mitula,El Salto,Renta,Oficina,https://casas.mitula.mx/casas/renta-oficinas-el-salto,,,,,,,,,,,,,,,,,,,,,,,,,,,
mitula,Guadalajara,Renta,Oficina,https://casas.mitula.mx/casas/renta-oficinas-guadalajara,,,,,,,,,,,,,,,,,,,,,,,,,,,
mitula,Ixtlahuacﾃ｡n de los membrillos,Renta,Oficina,https://casas.mitula.mx/casas/renta-oficinas-ixtlahuacan-de-los-membrillos,,,,,,,,,,,,,,,,,,,,,,,,,,,
mitula,Juanacatlﾃ｡n,Renta,Oficina,https://casas.mitula.mx/casas/renta-oficinas-juanacatlan,,,,,,,,,,,,,,,,,,,,,,,,,,,
mitula,San Pedro Tlaquepaque,Renta,Oficina,https://casas.mitula.mx/casas/renta-oficinas-san-pedro-tlaquepaque,,,,,,,,,,,,,,,,,,,,,,,,,,,
mitula,Tlajomulco de Zuﾃｱiga,Renta,Oficina,https://casas.mitula.mx/casas/renta-oficinas-tlajomulco-de-zuniga,,,,,,,,,,,,,,,,,,,,,,,,,,,
mitula,Tonalﾃ｡,Renta,Oficina,https://casas.mitula.mx/casas/renta-oficinas-tonala,,,,,,,,,,,,,,,,,,,,,,,,,,,
mitula,Zapopan,Renta,Oficina,https://casas.mitula.mx/casas/renta-oficinas-zapopan,,,,,,,,,,,,,,,,,,,,,,,,,,,
mitula,Zapotlanejo,Renta,Oficina,https://casas.mitula.mx/casas/renta-oficinas-zapotlanejo,,,,,,,,,,,,,,,,,,,,,,,,,,,
mitula,El Salto,Venta,Oficina,https://casas.mitula.mx/casas/venta-oficinas-el-salto,,,,,,,,,,,,,,,,,,,,,,,,,,,
mitula,Guadalajara,Venta,Oficina,https://casas.mitula.mx/casas/venta-oficinas-guadalajara,,,,,,,,,,,,,,,,,,,,,,,,,,,
mitula,Ixtlahuacﾃ｡n de los membrillos,Venta,Oficina,https://casas.mitula.mx/casas/venta-oficinas-ixtlahuacan-de-los-membrillos,,,,,,,,,,,,,,,,,,,,,,,,,,,
mitula,Juanacatlﾃ｡n,Venta,Oficina,https://casas.mitula.mx/casas/venta-oficinas-juanacatlan,,,,,,,,,,,,,,,,,,,,,,,,,,,
mitula,San Pedro Tlaquepaque,Venta,Oficina,https://casas.mitula.mx/casas/venta-oficinas-san-pedro-tlaquepaque,,,,,,,,,,,,,,,,,,,,,,,,,,,
mitula,Tlajomulco de Zuﾃｱiga,Venta,Oficina,https://casas.mitula.mx/casas/venta-oficinas-tlajomulco-de-zuniga,,,,,,,,,,,,,,,,,,,,,,,,,,,
mitula,Tonalﾃ｡,Venta,Oficina,https://casas.mitula.mx/casas/venta-oficinas-tonala,,,,,,,,,,,,,,,,,,,,,,,,,,,
mitula,Zapopan,Venta,Oficina,https://casas.mitula.mx/casas/venta-oficinas-zapopan,,,,,,,,,,,,,,,,,,,,,,,,,,,
mitula,Zapotlanejo,Venta,Oficina,https://casas.mitula.mx/casas/venta-oficinas-zapotlanejo,,,,,,,,,,,,,,,,,,,,,,,,,,,
mitula,El Salto,Renta,Parcela,https://casas.mitula.mx/casas/renta-parcelas-el-salto,,,,,,,,,,,,,,,,,,,,,,,,,,,
mitula,Guadalajara,Renta,Parcela,https://casas.mitula.mx/casas/renta-parcelas-guadalajara,,,,,,,,,,,,,,,,,,,,,,,,,,,
mitula,Ixtlahuacﾃ｡n de los membrillos,Renta,Parcela,https://casas.mitula.mx/casas/renta-parcelas-ixtlahuacan-de-los-membrillos,,,,,,,,,,,,,,,,,,,,,,,,,,,
mitula,Juanacatlﾃ｡n,Renta,Parcela,https://casas.mitula.mx/casas/renta-parcelas-juanacatlan,,,,,,,,,,,,,,,,,,,,,,,,,,,
mitula,San Pedro Tlaquepaque,Renta,Parcela,https://casas.mitula.mx/casas/renta-parcelas-san-pedro-tlaquepaque,,,,,,,,,,,,,,,,,,,,,,,,,,,
mitula,Tlajomulco de Zuﾃｱiga,Renta,Parcela,https://casas.mitula.mx/casas/renta-parcelas-tlajomulco-de-zuniga,,,,,,,,,,,,,,,,,,,,,,,,,,,
mitula,Tonalﾃ｡,Renta,Parcela,https://casas.mitula.mx/casas/renta-parcelas-tonala,,,,,,,,,,,,,,,,,,,,,,,,,,,
mitula,Zapopan,Renta,Parcela,https://casas.mitula.mx/casas/renta-parcelas-zapopan,,,,,,,,,,,,,,,,,,,,,,,,,,,
mitula,Zapotlanejo,Renta,Parcela,https://casas.mitula.mx/casas/renta-parcelas-zapotlanejo,,,,,,,,,,,,,,,,,,,,,,,,,,,
mitula,El Salto,Venta,Parcela,https://casas.mitula.mx/casas/venta-parcelas-el-salto,,,,,,,,,,,,,,,,,,,,,,,,,,,
mitula,Guadalajara,Venta,Parcela,https://casas.mitula.mx/casas/venta-parcelas-guadalajara,,,,,,,,,,,,,,,,,,,,,,,,,,,
mitula,Ixtlahuacﾃ｡n de los membrillos,Venta,Parcela,https://casas.mitula.mx/casas/venta-parcelas-ixtlahuacan-de-los-membrillos,,,,,,,,,,,,,,,,,,,,,,,,,,,
mitula,Juanacatlﾃ｡n,Venta,Parcela,https://casas.mitula.mx/casas/venta-parcelas-juanacatlan,,,,,,,,,,,,,,,,,,,,,,,,,,,
mitula,San Pedro Tlaquepaque,Venta,Parcela,https://casas.mitula.mx/casas/venta-parcelas-san-pedro-tlaquepaque,,,,,,,,,,,,,,,,,,,,,,,,,,,
mitula,Tlajomulco de Zuﾃｱiga,Venta,Parcela,https://casas.mitula.mx/casas/venta-parcelas-tlajomulco-de-zuniga,,,,,,,,,,,,,,,,,,,,,,,,,,,
mitula,Tonalﾃ｡,Venta,Parcela,https://casas.mitula.mx/casas/venta-parcelas-tonala,,,,,,,,,,,,,,,,,,,,,,,,,,,
mitula,Zapopan,Venta,Parcela,https://casas.mitula.mx/casas/venta-parcelas-zapopan,,,,,,,,,,,,,,,,,,,,,,,,,,,
mitula,Zapotlanejo,Venta,Parcela,https://casas.mitula.mx/casas/venta-parcelas-zapotlanejo,,,,,,,,,,,,,,,,,,,,,,,,,,,
mitula,El Salto,Renta,Penthouse,https://casas.mitula.mx/casas/renta-penthouses-el-salto,,,,,,,,,,,,,,,,,,,,,,,,,,,
mitula,Guadalajara,Renta,Penthouse,https://casas.mitula.mx/casas/renta-penthouses-guadalajara,,,,,,,,,,,,,,,,,,,,,,,,,,,
mitula,Ixtlahuacﾃ｡n de los membrillos,Renta,Penthouse,https://casas.mitula.mx/casas/renta-penthouses-ixtlahuacan-de-los-membrillos,,,,,,,,,,,,,,,,,,,,,,,,,,,
mitula,Juanacatlﾃ｡n,Renta,Penthouse,https://casas.mitula.mx/casas/renta-penthouses-juanacatlan,,,,,,,,,,,,,,,,,,,,,,,,,,,
mitula,San Pedro Tlaquepaque,Renta,Penthouse,https://casas.mitula.mx/casas/renta-penthouses-san-pedro-tlaquepaque,,,,,,,,,,,,,,,,,,,,,,,,,,,
mitula,Tlajomulco de Zuﾃｱiga,Renta,Penthouse,https://casas.mitula.mx/casas/renta-penthouses-tlajomulco-de-zuniga,,,,,,,,,,,,,,,,,,,,,,,,,,,
mitula,Tonalﾃ｡,Renta,Penthouse,https://casas.mitula.mx/casas/renta-penthouses-tonala,,,,,,,,,,,,,,,,,,,,,,,,,,,
mitula,Zapopan,Renta,Penthouse,https://casas.mitula.mx/casas/renta-penthouses-zapopan,,,,,,,,,,,,,,,,,,,,,,,,,,,
mitula,Zapotlanejo,Renta,Penthouse,https://casas.mitula.mx/casas/renta-penthouses-zapotlanejo,,,,,,,,,,,,,,,,,,,,,,,,,,,
mitula,El Salto,Venta,Penthouse,https://casas.mitula.mx/casas/venta-penthouses-el-salto,,,,,,,,,,,,,,,,,,,,,,,,,,,
mitula,Guadalajara,Venta,Penthouse,https://casas.mitula.mx/casas/venta-penthouses-guadalajara,,,,,,,,,,,,,,,,,,,,,,,,,,,
mitula,Ixtlahuacﾃ｡n de los membrillos,Venta,Penthouse,https://casas.mitula.mx/casas/venta-penthouses-ixtlahuacan-de-los-membrillos,,,,,,,,,,,,,,,,,,,,,,,,,,,
mitula,Juanacatlﾃ｡n,Venta,Penthouse,https://casas.mitula.mx/casas/venta-penthouses-juanacatlan,,,,,,,,,,,,,,,,,,,,,,,,,,,
mitula,San Pedro Tlaquepaque,Venta,Penthouse,https://casas.mitula.mx/casas/venta-penthouses-san-pedro-tlaquepaque,,,,,,,,,,,,,,,,,,,,,,,,,,,
mitula,Tlajomulco de Zuﾃｱiga,Venta,Penthouse,https://casas.mitula.mx/casas/venta-penthouses-tlajomulco-de-zuniga,,,,,,,,,,,,,,,,,,,,,,,,,,,
mitula,Tonalﾃ｡,Venta,Penthouse,https://casas.mitula.mx/casas/venta-penthouses-tonala,,,,,,,,,,,,,,,,,,,,,,,,,,,
mitula,Zapopan,Venta,Penthouse,https://casas.mitula.mx/casas/venta-penthouses-zapopan,,,,,,,,,,,,,,,,,,,,,,,,,,,
mitula,Zapotlanejo,Venta,Penthouse,https://casas.mitula.mx/casas/venta-penthouses-zapotlanejo,,,,,,,,,,,,,,,,,,,,,,,,,,,
mitula,El Salto,Renta,Quinta,https://casas.mitula.mx/casas/renta-quintas-el-salto,,,,,,,,,,,,,,,,,,,,,,,,,,,
mitula,Guadalajara,Renta,Quinta,https://casas.mitula.mx/casas/renta-quintas-guadalajara,,,,,,,,,,,,,,,,,,,,,,,,,,,
mitula,Ixtlahuacﾃ｡n de los membrillos,Renta,Quinta,https://casas.mitula.mx/casas/renta-quintas-ixtlahuacan-de-los-membrillos,,,,,,,,,,,,,,,,,,,,,,,,,,,
mitula,Juanacatlﾃ｡n,Renta,Quinta,https://casas.mitula.mx/casas/renta-quintas-juanacatlan,,,,,,,,,,,,,,,,,,,,,,,,,,,
mitula,San Pedro Tlaquepaque,Renta,Quinta,https://casas.mitula.mx/casas/renta-quintas-san-pedro-tlaquepaque,,,,,,,,,,,,,,,,,,,,,,,,,,,
mitula,Tlajomulco de Zuﾃｱiga,Renta,Quinta,https://casas.mitula.mx/casas/renta-quintas-tlajomulco-de-zuniga,,,,,,,,,,,,,,,,,,,,,,,,,,,
mitula,Tonalﾃ｡,Renta,Quinta,https://casas.mitula.mx/casas/renta-quintas-tonala,,,,,,,,,,,,,,,,,,,,,,,,,,,
mitula,Zapopan,Renta,Quinta,https://casas.mitula.mx/casas/renta-quintas-zapopan,,,,,,,,,,,,,,,,,,,,,,,,,,,
mitula,Zapotlanejo,Renta,Quinta,https://casas.mitula.mx/casas/renta-quintas-zapotlanejo,,,,,,,,,,,,,,,,,,,,,,,,,,,
mitula,El Salto,Venta,Quinta,https://casas.mitula.mx/casas/venta-quintas-el-salto,,,,,,,,,,,,,,,,,,,,,,,,,,,
mitula,Guadalajara,Venta,Quinta,https://casas.mitula.mx/casas/venta-quintas-guadalajara,,,,,,,,,,,,,,,,,,,,,,,,,,,
mitula,Ixtlahuacﾃ｡n de los membrillos,Venta,Quinta,https://casas.mitula.mx/casas/venta-quintas-ixtlahuacan-de-los-membrillos,,,,,,,,,,,,,,,,,,,,,,,,,,,
mitula,Juanacatlﾃ｡n,Venta,Quinta,https://casas.mitula.mx/casas/venta-quintas-juanacatlan,,,,,,,,,,,,,,,,,,,,,,,,,,,
mitula,San Pedro Tlaquepaque,Venta,Quinta,https://casas.mitula.mx/casas/venta-quintas-san-pedro-tlaquepaque,,,,,,,,,,,,,,,,,,,,,,,,,,,
mitula,Tlajomulco de Zuﾃｱiga,Venta,Quinta,https://casas.mitula.mx/casas/venta-quintas-tlajomulco-de-zuniga,,,,,,,,,,,,,,,,,,,,,,,,,,,
mitula,Tonalﾃ｡,Venta,Quinta,https://casas.mitula.mx/casas/venta-quintas-tonala,,,,,,,,,,,,,,,,,,,,,,,,,,,
mitula,Zapopan,Venta,Quinta,https://casas.mitula.mx/casas/venta-quintas-zapopan,,,,,,,,,,,,,,,,,,,,,,,,,,,
mitula,Zapotlanejo,Venta,Quinta,https://casas.mitula.mx/casas/venta-quintas-zapotlanejo,,,,,,,,,,,,,,,,,,,,,,,,,,,
mitula,El Salto,Renta,Rancho,https://casas.mitula.mx/casas/renta-ranchos-el-salto,,,,,,,,,,,,,,,,,,,,,,,,,,,
mitula,Guadalajara,Renta,Rancho,https://casas.mitula.mx/casas/renta-ranchos-guadalajara,,,,,,,,,,,,,,,,,,,,,,,,,,,
mitula,Ixtlahuacﾃ｡n de los membrillos,Renta,Rancho,https://casas.mitula.mx/casas/renta-ranchos-ixtlahuacan-de-los-membrillos,,,,,,,,,,,,,,,,,,,,,,,,,,,
mitula,Juanacatlﾃ｡n,Renta,Rancho,https://casas.mitula.mx/casas/renta-ranchos-juanacatlan,,,,,,,,,,,,,,,,,,,,,,,,,,,
mitula,San Pedro Tlaquepaque,Renta,Rancho,https://casas.mitula.mx/casas/renta-ranchos-san-pedro-tlaquepaque,,,,,,,,,,,,,,,,,,,,,,,,,,,
mitula,Tlajomulco de Zuﾃｱiga,Renta,Rancho,https://casas.mitula.mx/casas/renta-ranchos-tlajomulco-de-zuniga,,,,,,,,,,,,,,,,,,,,,,,,,,,
mitula,Tonalﾃ｡,Renta,Rancho,https://casas.mitula.mx/casas/renta-ranchos-tonala,,,,,,,,,,,,,,,,,,,,,,,,,,,
mitula,Zapopan,Renta,Rancho,https://casas.mitula.mx/casas/renta-ranchos-zapopan,,,,,,,,,,,,,,,,,,,,,,,,,,,
mitula,Zapotlanejo,Renta,Rancho,https://casas.mitula.mx/casas/renta-ranchos-zapotlanejo,,,,,,,,,,,,,,,,,,,,,,,,,,,
mitula,El Salto,Venta,Rancho,https://casas.mitula.mx/casas/venta-ranchos-el-salto,,,,,,,,,,,,,,,,,,,,,,,,,,,
mitula,Guadalajara,Venta,Rancho,https://casas.mitula.mx/casas/venta-ranchos-guadalajara,,,,,,,,,,,,,,,,,,,,,,,,,,,
mitula,Ixtlahuacﾃ｡n de los membrillos,Venta,Rancho,https://casas.mitula.mx/casas/venta-ranchos-ixtlahuacan-de-los-membrillos,,,,,,,,,,,,,,,,,,,,,,,,,,,
mitula,Juanacatlﾃ｡n,Venta,Rancho,https://casas.mitula.mx/casas/venta-ranchos-juanacatlan,,,,,,,,,,,,,,,,,,,,,,,,,,,
mitula,San Pedro Tlaquepaque,Venta,Rancho,https://casas.mitula.mx/casas/venta-ranchos-san-pedro-tlaquepaque,,,,,,,,,,,,,,,,,,,,,,,,,,,
mitula,Tlajomulco de Zuﾃｱiga,Venta,Rancho,https://casas.mitula.mx/casas/venta-ranchos-tlajomulco-de-zuniga,,,,,,,,,,,,,,,,,,,,,,,,,,,
mitula,Tonalﾃ｡,Venta,Rancho,https://casas.mitula.mx/casas/venta-ranchos-tonala,,,,,,,,,,,,,,,,,,,,,,,,,,,
mitula,Zapopan,Venta,Rancho,https://casas.mitula.mx/casas/venta-ranchos-zapopan,,,,,,,,,,,,,,,,,,,,,,,,,,,
mitula,Zapotlanejo,Venta,Rancho,https://casas.mitula.mx/casas/venta-ranchos-zapotlanejo,,,,,,,,,,,,,,,,,,,,,,,,,,,
mitula,El Salto,Renta,Terreno,https://casas.mitula.mx/casas/renta-terrenos-el-salto,,,,,,,,,,,,,,,,,,,,,,,,,,,
mitula,Guadalajara,Renta,Terreno,https://casas.mitula.mx/casas/renta-terrenos-guadalajara,,,,,,,,,,,,,,,,,,,,,,,,,,,
mitula,Ixtlahuacﾃ｡n de los membrillos,Renta,Terreno,https://casas.mitula.mx/casas/renta-terrenos-ixtlahuacan-de-los-membrillos,,,,,,,,,,,,,,,,,,,,,,,,,,,
mitula,Juanacatlﾃ｡n,Renta,Terreno,https://casas.mitula.mx/casas/renta-terrenos-juanacatlan,,,,,,,,,,,,,,,,,,,,,,,,,,,
mitula,San Pedro Tlaquepaque,Renta,Terreno,https://casas.mitula.mx/casas/renta-terrenos-san-pedro-tlaquepaque,,,,,,,,,,,,,,,,,,,,,,,,,,,
mitula,Tlajomulco de Zuﾃｱiga,Renta,Terreno,https://casas.mitula.mx/casas/renta-terrenos-tlajomulco-de-zuniga,,,,,,,,,,,,,,,,,,,,,,,,,,,
mitula,Tonalﾃ｡,Renta,Terreno,https://casas.mitula.mx/casas/renta-terrenos-tonala,,,,,,,,,,,,,,,,,,,,,,,,,,,
mitula,Zapopan,Renta,Terreno,https://casas.mitula.mx/casas/renta-terrenos-zapopan,,,,,,,,,,,,,,,,,,,,,,,,,,,
mitula,Zapotlanejo,Renta,Terreno,https://casas.mitula.mx/casas/renta-terrenos-zapotlanejo,,,,,,,,,,,,,,,,,,,,,,,,,,,
mitula,El Salto,Venta,Terreno,https://casas.mitula.mx/casas/venta-terrenos-el-salto,,,,,,,,,,,,,,,,,,,,,,,,,,,
mitula,Guadalajara,Venta,Terreno,https://casas.mitula.mx/casas/venta-terrenos-guadalajara,,,,,,,,,,,,,,,,,,,,,,,,,,,
mitula,Ixtlahuacﾃ｡n de los membrillos,Venta,Terreno,https://casas.mitula.mx/casas/venta-terrenos-ixtlahuacan-de-los-membrillos,,,,,,,,,,,,,,,,,,,,,,,,,,,
mitula,Juanacatlﾃ｡n,Venta,Terreno,https://casas.mitula.mx/casas/venta-terrenos-juanacatlan,,,,,,,,,,,,,,,,,,,,,,,,,,,
mitula,San Pedro Tlaquepaque,Venta,Terreno,https://casas.mitula.mx/casas/venta-terrenos-san-pedro-tlaquepaque,,,,,,,,,,,,,,,,,,,,,,,,,,,
mitula,Tlajomulco de Zuﾃｱiga,Venta,Terreno,https://casas.mitula.mx/casas/venta-terrenos-tlajomulco-de-zuniga,,,,,,,,,,,,,,,,,,,,,,,,,,,
mitula,Tonalﾃ｡,Venta,Terreno,https://casas.mitula.mx/casas/venta-terrenos-tonala,,,,,,,,,,,,,,,,,,,,,,,,,,,
mitula,Zapopan,Venta,Terreno,https://casas.mitula.mx/casas/venta-terrenos-zapopan,,,,,,,,,,,,,,,,,,,,,,,,,,,
mitula,Zapotlanejo,Venta,Terreno,https://casas.mitula.mx/casas/venta-terrenos-zapotlanejo,,,,,,,,,,,,,,,,,,,,,,,,,,,
mitula,El Salto,Renta,Villa,https://casas.mitula.mx/casas/renta-villas-el-salto,,,,,,,,,,,,,,,,,,,,,,,,,,,
mitula,Guadalajara,Renta,Villa,https://casas.mitula.mx/casas/renta-villas-guadalajara,,,,,,,,,,,,,,,,,,,,,,,,,,,
mitula,Ixtlahuacﾃ｡n de los membrillos,Renta,Villa,https://casas.mitula.mx/casas/renta-villas-ixtlahuacan-de-los-membrillos,,,,,,,,,,,,,,,,,,,,,,,,,,,
mitula,Juanacatlﾃ｡n,Renta,Villa,https://casas.mitula.mx/casas/renta-villas-juanacatlan,,,,,,,,,,,,,,,,,,,,,,,,,,,
mitula,San Pedro Tlaquepaque,Renta,Villa,https://casas.mitula.mx/casas/renta-villas-san-pedro-tlaquepaque,,,,,,,,,,,,,,,,,,,,,,,,,,,
mitula,Tlajomulco de Zuﾃｱiga,Renta,Villa,https://casas.mitula.mx/casas/renta-villas-tlajomulco-de-zuniga,,,,,,,,,,,,,,,,,,,,,,,,,,,
mitula,Tonalﾃ｡,Renta,Villa,https://casas.mitula.mx/casas/renta-villas-tonala,,,,,,,,,,,,,,,,,,,,,,,,,,,
mitula,Zapopan,Renta,Villa,https://casas.mitula.mx/casas/renta-villas-zapopan,,,,,,,,,,,,,,,,,,,,,,,,,,,
mitula,Zapotlanejo,Renta,Villa,https://casas.mitula.mx/casas/renta-villas-zapotlanejo,,,,,,,,,,,,,,,,,,,,,,,,,,,
mitula,El Salto,Venta,Villa,https://casas.mitula.mx/casas/venta-villas-el-salto,,,,,,,,,,,,,,,,,,,,,,,,,,,
mitula,Guadalajara,Venta,Villa,https://casas.mitula.mx/casas/venta-villas-guadalajara,,,,,,,,,,,,,,,,,,,,,,,,,,,
mitula,Ixtlahuacﾃ｡n de los membrillos,Venta,Villa,https://casas.mitula.mx/casas/venta-villas-ixtlahuacan-de-los-membrillos,,,,,,,,,,,,,,,,,,,,,,,,,,,
mitula,Juanacatlﾃ｡n,Venta,Villa,https://casas.mitula.mx/casas/venta-villas-juanacatlan,,,,,,,,,,,,,,,,,,,,,,,,,,,
mitula,San Pedro Tlaquepaque,Venta,Villa,https://casas.mitula.mx/casas/venta-villas-san-pedro-tlaquepaque,,,,,,,,,,,,,,,,,,,,,,,,,,,
mitula,Tlajomulco de Zuﾃｱiga,Venta,Villa,https://casas.mitula.mx/casas/venta-villas-tlajomulco-de-zuniga,,,,,,,,,,,,,,,,,,,,,,,,,,,
mitula,Tonalﾃ｡,Venta,Villa,https://casas.mitula.mx/casas/venta-villas-tonala,,,,,,,,,,,,,,,,,,,,,,,,,,,
mitula,Zapopan,Venta,Villa,https://casas.mitula.mx/casas/venta-villas-zapopan,,,,,,,,,,,,,,,,,,,,,,,,,,,
mitula,Zapotlanejo,Venta,Villa,https://casas.mitula.mx/casas/venta-villas-zapotlanejo,,,,,,,,,,,,,,,,,,,,,,,,,,,
