PaginaWeb,Ciudad,Operaci蚤,ProductoPaginaWeb,URL,ago25_2,sep25_1,sep25_2,oct25_1,oct25_2,nov25_1,nov25_2,dic25_1,dic25_2,ene25_1,ene25_2,feb25_1,feb25_2,mar25_1,mar25_2,abr25_1,abr25_2,may25_1,may25_2,jun25_1,jun25_2,jul25_1,jul25_2,ago25_1,ago25_2,sep25_1,sep25_2,sep25_2
trovit,Zapopan,renta,Bodegas,https://casas.trovit.com.mx/renta-bodegas-zapopan,,,,,,,,,,,,,,,,,,,,,,,,,,,,
trovit,Guadalajara,renta,Bodegas,https://casas.trovit.com.mx/renta-bodegas-guadalajara,,,,,,,,,,,,,,,,,,,,,,,,,,,,
trovit,San Pedro Tlaquepaque,renta,Bodegas,https://casas.trovit.com.mx/renta-bodegas-san-pedro-tlaquepaque,,,,,,,,,,,,,,,,,,,,,,,,,,,,
trovit,Tonal치,renta,Bodegas,https://casas.trovit.com.mx/renta-bodegas-tonala,,,,,,,,,,,,,,,,,,,,,,,,,,,,
trovit,Zapotlanejo,renta,Bodegas,https://casas.trovit.com.mx/renta-bodegas-zapotlanejo,,,,,,,,,,,,,,,,,,,,,,,,,,,,
trovit,Juanacatl치n,renta,Bodegas,https://casas.trovit.com.mx/renta-bodegas-juanacatlan,,,,,,,,,,,,,,,,,,,,,,,,,,,,
trovit,Ixtlahuac치n de los membrillos,renta,Bodegas,https://casas.trovit.com.mx/renta-bodegas-ixtlahuacan-de-los-membrillos,,,,,,,,,,,,,,,,,,,,,,,,,,,,
trovit,El Salto,renta,Bodegas,https://casas.trovit.com.mx/renta-bodegas-el-salto,,,,,,,,,,,,,,,,,,,,,,,,,,,,
trovit,Tlajomulco de Zu침iga,renta,Bodegas,https://casas.trovit.com.mx/renta-bodegas-tlajomulco-de-zuniga,,,,,,,,,,,,,,,,,,,,,,,,,,,,
trovit,Zapopan,venta,Bodegas,https://casas.trovit.com.mx/venta-bodegas-zapopan,,,,,,,,,,,,,,,,,,,,,,,,,,,,
trovit,Guadalajara,venta,Bodegas,https://casas.trovit.com.mx/venta-bodegas-guadalajara,,,,,,,,,,,,,,,,,,,,,,,,,,,,
trovit,San Pedro Tlaquepaque,venta,Bodegas,https://casas.trovit.com.mx/venta-bodegas-san-pedro-tlaquepaque,,,,,,,,,,,,,,,,,,,,,,,,,,,,
trovit,Tonal치,venta,Bodegas,https://casas.trovit.com.mx/venta-bodegas-tonala,,,,,,,,,,,,,,,,,,,,,,,,,,,,
trovit,Zapotlanejo,venta,Bodegas,https://casas.trovit.com.mx/venta-bodegas-zapotlanejo,,,,,,,,,,,,,,,,,,,,,,,,,,,,
trovit,Juanacatl치n,venta,Bodegas,https://casas.trovit.com.mx/venta-bodegas-juanacatlan,,,,,,,,,,,,,,,,,,,,,,,,,,,,
trovit,Ixtlahuac치n de los membrillos,venta,Bodegas,https://casas.trovit.com.mx/venta-bodegas-ixtlahuacan-de-los-membrillos,,,,,,,,,,,,,,,,,,,,,,,,,,,,
trovit,El Salto,venta,Bodegas,https://casas.trovit.com.mx/venta-bodegas-el-salto,,,,,,,,,,,,,,,,,,,,,,,,,,,,
trovit,Tlajomulco de Zu침iga,venta,Bodegas,https://casas.trovit.com.mx/venta-bodegas-tlajomulco-de-zuniga,,,,,,,,,,,,,,,,,,,,,,,,,,,,
trovit,Zapopan,renta,locales,https://casas.trovit.com.mx/renta-locales-zapopan,,,,,,,,,,,,,,,,,,,,,,,,,,,,
trovit,Guadalajara,renta,locales,https://casas.trovit.com.mx/renta-locales-guadalajara,,,,,,,,,,,,,,,,,,,,,,,,,,,,
trovit,San Pedro Tlaquepaque,renta,locales,https://casas.trovit.com.mx/renta-locales-san-pedro-tlaquepaque,,,,,,,,,,,,,,,,,,,,,,,,,,,,
trovit,Tonal치,renta,locales,https://casas.trovit.com.mx/renta-locales-tonala,,,,,,,,,,,,,,,,,,,,,,,,,,,,
trovit,Zapotlanejo,renta,locales,https://casas.trovit.com.mx/renta-locales-zapotlanejo,,,,,,,,,,,,,,,,,,,,,,,,,,,,
trovit,Juanacatl치n,renta,locales,https://casas.trovit.com.mx/renta-locales-juanacatlan,,,,,,,,,,,,,,,,,,,,,,,,,,,,
trovit,Ixtlahuac치n de los membrillos,renta,locales,https://casas.trovit.com.mx/renta-locales-ixtlahuacan-de-los-membrillos,,,,,,,,,,,,,,,,,,,,,,,,,,,,
trovit,El Salto,renta,locales,https://casas.trovit.com.mx/renta-locales-el-salto,,,,,,,,,,,,,,,,,,,,,,,,,,,,
trovit,Tlajomulco de Zu침iga,renta,locales,https://casas.trovit.com.mx/renta-locales-tlajomulco-de-zuniga,,,,,,,,,,,,,,,,,,,,,,,,,,,,
trovit,Zapopan,venta,locales,https://casas.trovit.com.mx/venta-locales-zapopan,,,,,,,,,,,,,,,,,,,,,,,,,,,,
trovit,Guadalajara,venta,locales,https://casas.trovit.com.mx/venta-locales-guadalajara,,,,,,,,,,,,,,,,,,,,,,,,,,,,
trovit,San Pedro Tlaquepaque,venta,locales,https://casas.trovit.com.mx/venta-locales-san-pedro-tlaquepaque,,,,,,,,,,,,,,,,,,,,,,,,,,,,
trovit,Tonal치,venta,locales,https://casas.trovit.com.mx/venta-locales-tonala,,,,,,,,,,,,,,,,,,,,,,,,,,,,
trovit,Zapotlanejo,venta,locales,https://casas.trovit.com.mx/venta-locales-zapotlanejo,,,,,,,,,,,,,,,,,,,,,,,,,,,,
trovit,Juanacatl치n,venta,locales,https://casas.trovit.com.mx/venta-locales-juanacatlan,,,,,,,,,,,,,,,,,,,,,,,,,,,,
trovit,Ixtlahuac치n de los membrillos,venta,locales,https://casas.trovit.com.mx/venta-locales-ixtlahuacan-de-los-membrillos,,,,,,,,,,,,,,,,,,,,,,,,,,,,
trovit,El Salto,venta,locales,https://casas.trovit.com.mx/venta-locales-el-salto,,,,,,,,,,,,,,,,,,,,,,,,,,,,
trovit,Tlajomulco de Zu침iga,venta,locales,https://casas.trovit.com.mx/venta-locales-tlajomulco-de-zuniga,,,,,,,,,,,,,,,,,,,,,,,,,,,,
trovit,Zapopan,renta,Oficinas,https://casas.trovit.com.mx/renta-oficinas-zapopan,,,,,,,,,,,,,,,,,,,,,,,,,,,,
trovit,Guadalajara,renta,Oficinas,https://casas.trovit.com.mx/renta-oficinas-guadalajara,,,,,,,,,,,,,,,,,,,,,,,,,,,,
trovit,San Pedro Tlaquepaque,renta,Oficinas,https://casas.trovit.com.mx/renta-oficinas-san-pedro-tlaquepaque,,,,,,,,,,,,,,,,,,,,,,,,,,,,
trovit,Tonal치,renta,Oficinas,https://casas.trovit.com.mx/renta-oficinas-tonala,,,,,,,,,,,,,,,,,,,,,,,,,,,,
trovit,Zapotlanejo,renta,Oficinas,https://casas.trovit.com.mx/renta-oficinas-zapotlanejo,,,,,,,,,,,,,,,,,,,,,,,,,,,,
trovit,Juanacatl치n,renta,Oficinas,https://casas.trovit.com.mx/renta-oficinas-juanacatlan,,,,,,,,,,,,,,,,,,,,,,,,,,,,
trovit,Ixtlahuac치n de los membrillos,renta,Oficinas,https://casas.trovit.com.mx/renta-oficinas-ixtlahuacan-de-los-membrillos,,,,,,,,,,,,,,,,,,,,,,,,,,,,
trovit,El Salto,renta,Oficinas,https://casas.trovit.com.mx/renta-oficinas-el-salto,,,,,,,,,,,,,,,,,,,,,,,,,,,,
trovit,Tlajomulco de Zu침iga,renta,Oficinas,https://casas.trovit.com.mx/renta-oficinas-tlajomulco-de-zuniga,,,,,,,,,,,,,,,,,,,,,,,,,,,,
trovit,Zapopan,venta,Oficinas,https://casas.trovit.com.mx/venta-oficinas-zapopan,,,,,,,,,,,,,,,,,,,,,,,,,,,,
trovit,Guadalajara,venta,Oficinas,https://casas.trovit.com.mx/venta-oficinas-guadalajara,,,,,,,,,,,,,,,,,,,,,,,,,,,,
trovit,San Pedro Tlaquepaque,venta,Oficinas,https://casas.trovit.com.mx/venta-oficinas-san-pedro-tlaquepaque,,,,,,,,,,,,,,,,,,,,,,,,,,,,
trovit,Tonal치,venta,Oficinas,https://casas.trovit.com.mx/venta-oficinas-tonala,,,,,,,,,,,,,,,,,,,,,,,,,,,,
trovit,Zapotlanejo,venta,Oficinas,https://casas.trovit.com.mx/venta-oficinas-zapotlanejo,,,,,,,,,,,,,,,,,,,,,,,,,,,,
trovit,Juanacatl치n,venta,Oficinas,https://casas.trovit.com.mx/venta-oficinas-juanacatlan,,,,,,,,,,,,,,,,,,,,,,,,,,,,
trovit,Ixtlahuac치n de los membrillos,venta,Oficinas,https://casas.trovit.com.mx/venta-oficinas-ixtlahuacan-de-los-membrillos,,,,,,,,,,,,,,,,,,,,,,,,,,,,
trovit,El Salto,venta,Oficinas,https://casas.trovit.com.mx/venta-oficinas-el-salto,,,,,,,,,,,,,,,,,,,,,,,,,,,,
trovit,Tlajomulco de Zu침iga,venta,Oficinas,https://casas.trovit.com.mx/venta-oficinas-tlajomulco-de-zuniga,,,,,,,,,,,,,,,,,,,,,,,,,,,,
trovit,Zapopan,renta,Casas,https://casas.trovit.com.mx/renta-zapopan,,,,,,,,,,,,,,,,,,,,,,,,,,,,
trovit,Guadalajara,renta,Casas,https://casas.trovit.com.mx/renta-guadalajara,,,,,,,,,,,,,,,,,,,,,,,,,,,,
trovit,San Pedro Tlaquepaque,renta,Casas,https://casas.trovit.com.mx/renta-san-pedro-tlaquepaque,,,,,,,,,,,,,,,,,,,,,,,,,,,,
trovit,Tonal치,renta,Casas,https://casas.trovit.com.mx/renta-tonala,,,,,,,,,,,,,,,,,,,,,,,,,,,,
trovit,Zapotlanejo,renta,Casas,https://casas.trovit.com.mx/renta-zapotlanejo,,,,,,,,,,,,,,,,,,,,,,,,,,,,
trovit,Juanacatl치n,renta,Casas,https://casas.trovit.com.mx/renta-juanacatlan,,,,,,,,,,,,,,,,,,,,,,,,,,,,
trovit,Ixtlahuac치n de los membrillos,renta,Casas,https://casas.trovit.com.mx/renta-ixtlahuacan-de-los-membrillos,,,,,,,,,,,,,,,,,,,,,,,,,,,,
trovit,El Salto,renta,Casas,https://casas.trovit.com.mx/renta-el-salto,,,,,,,,,,,,,,,,,,,,,,,,,,,,
trovit,Tlajomulco de Zu침iga,renta,Casas,https://casas.trovit.com.mx/renta-tlajomulco-de-zuniga,,,,,,,,,,,,,,,,,,,,,,,,,,,,
trovit,Zapopan,venta,Terrenos,https://casas.trovit.com.mx/venta-terrenos-zapopan,,,,,,,,,,,,,,,,,,,,,,,,,,,,
trovit,Guadalajara,venta,Terrenos,https://casas.trovit.com.mx/venta-terrenos-guadalajara,,,,,,,,,,,,,,,,,,,,,,,,,,,,
trovit,San Pedro Tlaquepaque,venta,Terrenos,https://casas.trovit.com.mx/venta-terrenos-san-pedro-tlaquepaque,,,,,,,,,,,,,,,,,,,,,,,,,,,,
trovit,Tonal치,venta,Terrenos,https://casas.trovit.com.mx/venta-terrenos-tonala,,,,,,,,,,,,,,,,,,,,,,,,,,,,
trovit,Zapotlanejo,venta,Terrenos,https://casas.trovit.com.mx/venta-terrenos-zapotlanejo,,,,,,,,,,,,,,,,,,,,,,,,,,,,
trovit,Juanacatl치n,venta,Terrenos,https://casas.trovit.com.mx/venta-terrenos-juanacatlan,,,,,,,,,,,,,,,,,,,,,,,,,,,,
trovit,Ixtlahuac치n de los membrillos,venta,Terrenos,https://casas.trovit.com.mx/venta-terrenos-ixtlahuacan-de-los-membrillos,,,,,,,,,,,,,,,,,,,,,,,,,,,,
trovit,El Salto,venta,Terrenos,https://casas.trovit.com.mx/venta-terrenos-el-salto,,,,,,,,,,,,,,,,,,,,,,,,,,,,
trovit,Tlajomulco de Zu침iga,venta,Terrenos,https://casas.trovit.com.mx/venta-terrenos-tlajomulco-de-zuniga,,,,,,,,,,,,,,,,,,,,,,,,,,,,
trovit,Zapopan,venta,Casas,https://casas.trovit.com.mx/venta-zapopan,,,,,,,,,,,,,,,,,,,,,,,,,,,,
trovit,Guadalajara,venta,Casas,https://casas.trovit.com.mx/venta-guadalajara,,,,,,,,,,,,,,,,,,,,,,,,,,,,
trovit,San Pedro Tlaquepaque,venta,Casas,https://casas.trovit.com.mx/venta-san-pedro-tlaquepaque,,,,,,,,,,,,,,,,,,,,,,,,,,,,
trovit,Tonal치,venta,Casas,https://casas.trovit.com.mx/venta-tonala,,,,,,,,,,,,,,,,,,,,,,,,,,,,
trovit,Zapotlanejo,venta,Casas,https://casas.trovit.com.mx/venta-zapotlanejo,,,,,,,,,,,,,,,,,,,,,,,,,,,,
trovit,Juanacatl치n,venta,Casas,https://casas.trovit.com.mx/venta-juanacatlan,,,,,,,,,,,,,,,,,,,,,,,,,,,,
trovit,Ixtlahuac치n de los membrillos,venta,Casas,https://casas.trovit.com.mx/venta-ixtlahuacan-de-los-membrillos,,,,,,,,,,,,,,,,,,,,,,,,,,,,
trovit,El Salto,venta,Casas,https://casas.trovit.com.mx/venta-el-salto,,,,,,,,,,,,,,,,,,,,,,,,,,,,
trovit,Tlajomulco de Zu침iga,venta,Casas,https://casas.trovit.com.mx/venta-tlajomulco-de-zuniga,,,,,,,,,,,,,,,,,,,,,,,,,,,,
